contractSymbol,lastTradeDate,strike,lastPrice,bid,ask,change,percentChange,volume,openInterest,impliedVolatility,inTheMoney,contractSize,currency,optionType,expiration,daysToExpiration,T,midPrice,S,r,moneyness
AMZN251128C00215000,2025-11-26 20:02:46+00:00,215.0,14.35,14.5,14.7,-0.5999994,-4.0133743,105.0,1143,0.4804690706130641,True,REGULAR,USD,call,2025-11-28,1,0.0027397260273972603,14.6,229.57000732421875,0.03752999782562256,1.067767475926599
AMZN251128C00220000,2025-11-26 20:15:38+00:00,220.0,9.6,9.55,9.7,-0.5,-4.950495,731.0,6155,0.39362474149595206,True,REGULAR,USD,call,2025-11-28,1,0.0027397260273972603,9.625,229.57000732421875,0.03752999782562256,1.0435000332919033
AMZN251128C00222500,2025-11-26 20:17:34+00:00,222.5,7.2,7.1,7.25,-0.5800004,-7.4454474,1006.0,8405,0.3578218054686613,True,REGULAR,USD,call,2025-11-28,1,0.0027397260273972603,7.175,229.57000732421875,0.03752999782562256,1.0317753138167134
AMZN251128C00225000,2025-11-26 20:17:42+00:00,225.0,4.76,4.65,4.8,-0.6999998,-12.82051,4193.0,12335,0.28214971093785096,True,REGULAR,USD,call,2025-11-28,1,0.0027397260273972603,4.725,229.57000732421875,0.03752999782562256,1.0203111436631944
AMZN251128C00227500,2025-11-26 20:16:38+00:00,227.5,2.76,2.68,2.73,-0.75,-21.367521,3421.0,7724,0.297467791090949,True,REGULAR,USD,call,2025-11-28,1,0.0027397260273972603,2.705,229.57000732421875,0.03752999782562256,1.0090989332932692
AMZN251128C00230000,2025-11-26 20:17:48+00:00,230.0,1.17,1.16,1.2,-0.89,-43.203884,30380.0,15698,0.28629063964197937,False,REGULAR,USD,call,2025-11-28,1,0.0027397260273972603,1.18,229.57000732421875,0.03752999782562256,0.9981304666270381
AMZN251128C00232500,2025-11-26 20:17:52+00:00,232.5,0.36,0.35,0.36,-0.68999994,-65.71428,23607.0,13133,0.27644774633729075,False,REGULAR,USD,call,2025-11-28,1,0.0027397260273972603,0.355,229.57000732421875,0.03752999782562256,0.9873978809643817
AMZN251128C00235000,2025-11-26 20:17:49+00:00,235.0,0.09,0.09,0.1,-0.35999998,-80.0,28359.0,19290,0.2895172208413062,False,REGULAR,USD,call,2025-11-28,1,0.0027397260273972603,0.095,229.57000732421875,0.03752999782562256,0.9768936481881649
AMZN251128C00237500,2025-11-26 20:18:22+00:00,237.5,0.05,0.04,0.05,-0.13000001,-72.22222,8514.0,7667,0.33919346710366144,False,REGULAR,USD,call,2025-11-28,1,0.0027397260273972603,0.045,229.57000732421875,0.03752999782562256,0.9666105571546053
AMZN251128C00240000,2025-11-26 20:17:38+00:00,240.0,0.02,0.02,0.03,-0.06,-75.0,5954.0,15260,0.3891698224355851,False,REGULAR,USD,call,2025-11-28,1,0.0027397260273972603,0.025,229.57000732421875,0.03752999782562256,0.9565416971842448
AMZN251128C00242500,2025-11-26 20:12:34+00:00,242.5,0.01,0.0,0.01,-0.02,-66.66667,2290.0,5654,0.38647247233302423,False,REGULAR,USD,call,2025-11-28,1,0.0027397260273972603,0.005,229.57000732421875,0.03752999782562256,0.9466804425740979
AMZN251128C00245000,2025-11-26 20:09:59+00:00,245.0,0.01,0.0,0.01,-0.01,-50.0,835.0,5117,0.4508883857150664,False,REGULAR,USD,call,2025-11-28,1,0.0027397260273972603,0.005,229.57000732421875,0.03752999782562256,0.9370204380580357
AMZN251128P00215000,2025-11-26 20:18:19+00:00,215.0,0.04,0.03,0.04,-0.04,-50.0,1117.0,4710,0.576437353034609,False,REGULAR,USD,put,2025-11-28,1,0.0027397260273972603,0.035,229.57000732421875,0.03752999782562256,1.067767475926599
AMZN251128P00217500,2025-11-26 20:07:23+00:00,217.5,0.04,0.04,0.05,-0.07,-63.636364,619.0,4927,0.5064671544974142,False,REGULAR,USD,put,2025-11-28,1,0.0027397260273972603,0.045,229.57000732421875,0.03752999782562256,1.0554942865481323
AMZN251128P00220000,2025-11-26 20:06:04+00:00,220.0,0.06,0.05,0.06,-0.13,-68.42105,2651.0,7142,0.42814529618173813,False,REGULAR,USD,put,2025-11-28,1,0.0027397260273972603,0.055,229.57000732421875,0.03752999782562256,1.0435000332919033
AMZN251128P00222500,2025-11-26 20:14:44+00:00,222.5,0.08,0.07,0.08,-0.26,-76.4706,1788.0,3553,0.3515273554376781,False,REGULAR,USD,put,2025-11-28,1,0.0027397260273972603,0.07500000000000001,229.57000732421875,0.03752999782562256,1.0317753138167134
AMZN251128P00225000,2025-11-26 20:14:44+00:00,225.0,0.2,0.17,0.18,-0.46000004,-69.696976,6853.0,5701,0.3038250860831658,False,REGULAR,USD,put,2025-11-28,1,0.0027397260273972603,0.175,229.57000732421875,0.03752999782562256,1.0203111436631944
AMZN251128P00227500,2025-11-26 20:17:42+00:00,227.5,0.6,0.59,0.6,-0.65,-52.845528,10247.0,3724,0.29332103637055024,False,REGULAR,USD,put,2025-11-28,1,0.0027397260273972603,0.595,229.57000732421875,0.03752999782562256,1.0090989332932692
AMZN251128P00230000,2025-11-26 20:16:52+00:00,230.0,1.58,1.59,1.63,-0.66999996,-29.777775,14743.0,4278,0.291254825885086,True,REGULAR,USD,put,2025-11-28,1,0.0027397260273972603,1.6099999999999999,229.57000732421875,0.03752999782562256,0.9981304666270381
AMZN251128P00232500,2025-11-26 20:17:32+00:00,232.5,3.24,3.2,3.3,-0.52,-13.471503,1487.0,1490,0.2730780866893732,True,REGULAR,USD,put,2025-11-28,1,0.0027397260273972603,3.25,229.57000732421875,0.03752999782562256,0.9873978809643817
AMZN251128P00235000,2025-11-26 20:16:34+00:00,235.0,5.5,5.45,5.8,-0.059999943,-1.0791357,724.0,2046,0.3559138215165413,True,REGULAR,USD,put,2025-11-28,1,0.0027397260273972603,5.625,229.57000732421875,0.03752999782562256,0.9768936481881649
AMZN251128P00237500,2025-11-26 20:10:17+00:00,237.5,8.09,8.0,8.1,0.24000025,3.057328,307.0,551,0.42478462910939896,True,REGULAR,USD,put,2025-11-28,1,0.0027397260273972603,8.05,229.57000732421875,0.03752999782562256,0.9666105571546053
AMZN251128P00240000,2025-11-26 19:15:06+00:00,240.0,10.27,10.45,10.6,-0.069999695,-0.6769796,27.0,132,0.5047628147830246,True,REGULAR,USD,put,2025-11-28,1,0.0027397260273972603,10.524999999999999,229.57000732421875,0.03752999782562256,0.9565416971842448
AMZN251128P00242500,2025-11-26 17:42:50+00:00,242.5,11.92,12.1,13.9,-0.97999954,-7.5968957,13.0,5,0.5727380373131575,True,REGULAR,USD,put,2025-11-28,1,0.0027397260273972603,13.0,229.57000732421875,0.03752999782562256,0.9466804425740979
AMZN251128P00245000,2025-11-26 18:19:09+00:00,245.0,14.99,15.45,15.6,-0.5100002,-3.290324,7.0,22,0.6873543269942922,True,REGULAR,USD,put,2025-11-28,1,0.0027397260273972603,15.524999999999999,229.57000732421875,0.03752999782562256,0.9370204380580357
AMZN251205C00187500,2025-11-26 14:59:59+00:00,187.5,42.6,42.2,42.35,4.8799973,12.937426,1.0,11,0.576422122290339,True,REGULAR,USD,call,2025-12-05,8,0.021917808219178082,42.275000000000006,229.57000732421875,0.03752999782562256,1.2243733723958334
AMZN251205C00190000,2025-11-26 19:55:42+00:00,190.0,39.61,39.7,39.85,-0.13999939,-0.35219973,7.0,196,0.540145743759512,True,REGULAR,USD,call,2025-12-05,8,0.021917808219178082,39.775000000000006,229.57000732421875,0.03752999782562256,1.2082631964432566
AMZN251205C00192500,2025-11-26 16:06:16+00:00,192.5,38.9,37.2,37.4,6.1100006,18.633732,1.0,10,0.5329581926089195,True,REGULAR,USD,call,2025-12-05,8,0.021917808219178082,37.3,229.57000732421875,0.03752999782562256,1.1925714666193181
AMZN251205C00200000,2025-11-26 19:38:59+00:00,200.0,30.04,29.75,29.95,-0.19999886,-0.6613719,71.0,487,0.46215580764417297,True,REGULAR,USD,call,2025-12-05,8,0.021917808219178082,29.85,229.57000732421875,0.03752999782562256,1.1478500366210938
AMZN251205C00202500,2025-11-25 19:55:21+00:00,202.5,27.6,27.3,27.5,0.0,0.0,2.0,9,0.45143205402169284,True,REGULAR,USD,call,2025-12-05,8,0.021917808219178082,27.4,229.57000732421875,0.03752999782562256,1.1336790485146604
AMZN251205C00205000,2025-11-26 19:16:18+00:00,205.0,25.06,24.85,25.05,-0.6400013,-2.4902773,6.0,770,0.43382191328731506,True,REGULAR,USD,call,2025-12-05,8,0.021917808219178082,24.950000000000003,229.57000732421875,0.03752999782562256,1.1198536942644817
AMZN251205C00207500,2025-11-26 16:18:29+00:00,207.5,24.02,22.4,22.6,1.2700005,5.5824194,2.0,51,0.41141373167614137,True,REGULAR,USD,call,2025-12-05,8,0.021917808219178082,22.5,229.57000732421875,0.03752999782562256,1.1063614810805722
AMZN251205C00210000,2025-11-26 20:07:16+00:00,210.0,19.69,20.0,20.2,-0.3199997,-1.5991988,73.0,790,0.39810909389023175,True,REGULAR,USD,call,2025-12-05,8,0.021917808219178082,20.1,229.57000732421875,0.03752999782562256,1.0931905110677083
AMZN251205C00212500,2025-11-26 20:13:48+00:00,212.5,17.65,17.6,17.8,-0.39999962,-2.2160645,39.0,59,0.37754023830215294,True,REGULAR,USD,call,2025-12-05,8,0.021917808219178082,17.700000000000003,229.57000732421875,0.03752999782562256,1.0803294462316178
AMZN251205C00215000,2025-11-26 20:15:36+00:00,215.0,15.3,15.3,15.45,-0.47999954,-3.0418222,2664.0,2945,0.3639826522282028,True,REGULAR,USD,call,2025-12-05,8,0.021917808219178082,15.375,229.57000732421875,0.03752999782562256,1.067767475926599
AMZN251205C00217500,2025-11-26 20:09:48+00:00,217.5,12.99,13.0,13.2,-0.57000065,-4.2035446,44.0,476,0.3485734653467285,True,REGULAR,USD,call,2025-12-05,8,0.021917808219178082,13.1,229.57000732421875,0.03752999782562256,1.0554942865481323
AMZN251205C00220000,2025-11-26 20:10:13+00:00,220.0,10.87,10.85,11.05,-0.6300001,-5.478262,345.0,2025,0.3381386151466103,True,REGULAR,USD,call,2025-12-05,8,0.021917808219178082,10.95,229.57000732421875,0.03752999782562256,1.0435000332919033
AMZN251205C00222500,2025-11-26 19:52:54+00:00,222.5,8.89,8.95,9.05,-0.72999954,-7.588353,256.0,1330,0.33487919270602273,True,REGULAR,USD,call,2025-12-05,8,0.021917808219178082,9.0,229.57000732421875,0.03752999782562256,1.0317753138167134
AMZN251205C00225000,2025-11-26 20:16:02+00:00,225.0,7.14,7.1,7.15,-0.55999994,-7.2727265,1389.0,5565,0.3234282240672641,True,REGULAR,USD,call,2025-12-05,8,0.021917808219178082,7.125,229.57000732421875,0.03752999782562256,1.0203111436631944
AMZN251205C00227500,2025-11-26 20:15:11+00:00,227.5,5.53,5.45,5.55,-0.52,-8.595041,2702.0,4261,0.3170313608440892,True,REGULAR,USD,call,2025-12-05,8,0.021917808219178082,5.5,229.57000732421875,0.03752999782562256,1.0090989332932692
AMZN251205C00230000,2025-11-26 20:17:42+00:00,230.0,4.15,4.1,4.15,-0.4499998,-9.782605,10689.0,16722,0.3128950035217797,False,REGULAR,USD,call,2025-12-05,8,0.021917808219178082,4.125,229.57000732421875,0.03752999782562256,0.9981304666270381
AMZN251205C00232500,2025-11-26 20:13:21+00:00,232.5,3.02,3.05,3.1,-0.43000007,-12.46377,6487.0,6513,0.3157668978201949,False,REGULAR,USD,call,2025-12-05,8,0.021917808219178082,3.075,229.57000732421875,0.03752999782562256,0.9873978809643817
AMZN251205C00235000,2025-11-26 20:18:01+00:00,235.0,2.17,2.15,2.17,-0.32999992,-13.199997,21533.0,11547,0.31200895957518715,False,REGULAR,USD,call,2025-12-05,8,0.021917808219178082,2.16,229.57000732421875,0.03752999782562256,0.9768936481881649
AMZN251205C00237500,2025-11-26 20:16:03+00:00,237.5,1.53,1.51,1.53,-0.21000004,-12.068968,5946.0,5789,0.31431434688766313,False,REGULAR,USD,call,2025-12-05,8,0.021917808219178082,1.52,229.57000732421875,0.03752999782562256,0.9666105571546053
AMZN251205C00240000,2025-11-26 20:16:55+00:00,240.0,1.04,1.03,1.05,-0.16000009,-13.333339,11080.0,7458,0.3161369676007332,False,REGULAR,USD,call,2025-12-05,8,0.021917808219178082,1.04,229.57000732421875,0.03752999782562256,0.9565416971842448
AMZN251205C00242500,2025-11-26 20:14:45+00:00,242.5,0.71,0.7,0.72,-0.120000005,-14.457831,8248.0,2721,0.32014390786479074,False,REGULAR,USD,call,2025-12-05,8,0.021917808219178082,0.71,229.57000732421875,0.03752999782562256,0.9466804425740979
AMZN251205C00245000,2025-11-26 20:12:33+00:00,245.0,0.49,0.49,0.5,-0.089999974,-15.517237,8046.0,6223,0.32727160953198825,False,REGULAR,USD,call,2025-12-05,8,0.021917808219178082,0.495,229.57000732421875,0.03752999782562256,0.9370204380580357
AMZN251205C00247500,2025-11-26 20:17:25+00:00,247.5,0.34,0.34,0.35,-0.060000002,-15.0,7402.0,4252,0.33468061634835483,False,REGULAR,USD,call,2025-12-05,8,0.021917808219178082,0.345,229.57000732421875,0.03752999782562256,0.9275555851483586
AMZN251205C00250000,2025-11-26 20:12:23+00:00,250.0,0.24,0.24,0.25,-0.040000007,-14.285716,11187.0,6262,0.3434585308329467,False,REGULAR,USD,call,2025-12-05,8,0.021917808219178082,0.245,229.57000732421875,0.03752999782562256,0.918280029296875
AMZN251205C00252500,2025-11-26 20:18:05+00:00,252.5,0.16,0.16,0.17,-0.030000001,-15.789474,2507.0,818,0.3486637633568521,False,REGULAR,USD,call,2025-12-05,8,0.021917808219178082,0.165,229.57000732421875,0.03752999782562256,0.9091881478186881
AMZN251205C00255000,2025-11-26 20:07:14+00:00,255.0,0.11,0.11,0.13,-0.019999996,-15.384612,1120.0,3488,0.35851779930450023,False,REGULAR,USD,call,2025-12-05,8,0.021917808219178082,0.12,229.57000732421875,0.03752999782562256,0.9002745385263481
AMZN251205C00257500,2025-11-26 20:14:55+00:00,257.5,0.09,0.08,0.09,-0.009999998,-9.090907,104.0,523,0.3664519495472578,False,REGULAR,USD,call,2025-12-05,8,0.021917808219178082,0.08499999999999999,229.57000732421875,0.03752999782562256,0.8915340090260923
AMZN251205C00260000,2025-11-26 19:57:22+00:00,260.0,0.07,0.06,0.07,0.010000002,16.66667,1046.0,4142,0.37802264463440377,False,REGULAR,USD,call,2025-12-05,8,0.021917808219178082,0.065,229.57000732421875,0.03752999782562256,0.8829615666316106
AMZN251205C00262500,2025-11-26 19:17:29+00:00,262.5,0.06,0.04,0.05,0.009999998,19.999994,66.0,176,0.3840696281619349,False,REGULAR,USD,call,2025-12-05,8,0.021917808219178082,0.045,229.57000732421875,0.03752999782562256,0.8745524088541666
AMZN251205C00265000,2025-11-26 19:11:14+00:00,265.0,0.05,0.03,0.04,0.010000002,25.000004,258.0,2675,0.39538833136845103,False,REGULAR,USD,call,2025-12-05,8,0.021917808219178082,0.035,229.57000732421875,0.03752999782562256,0.8663019144310141
AMZN251205C00270000,2025-11-26 20:07:56+00:00,270.0,0.03,0.03,0.04,0.0,0.0,73.0,3742,0.4402894780944662,False,REGULAR,USD,call,2025-12-05,8,0.021917808219178082,0.035,229.57000732421875,0.03752999782562256,0.8502592863859953
AMZN251205C00275000,2025-11-26 20:06:24+00:00,275.0,0.01,0.01,0.02,0.0,0.0,1357.0,3437,0.4422059705624575,False,REGULAR,USD,call,2025-12-05,8,0.021917808219178082,0.015,229.57000732421875,0.03752999782562256,0.8348000266335227
AMZN251205C00280000,2025-11-26 16:30:13+00:00,280.0,0.01,0.0,0.01,0.0,0.0,3.0,1181,0.4361458585206537,False,REGULAR,USD,call,2025-12-05,8,0.021917808219178082,0.005,229.57000732421875,0.03752999782562256,0.8198928833007812
AMZN251205P00187500,2025-11-26 16:42:09+00:00,187.5,0.03,0.03,0.04,-0.049999997,-62.499996,31.0,377,0.551420062513607,False,REGULAR,USD,put,2025-12-05,8,0.021917808219178082,0.035,229.57000732421875,0.03752999782562256,1.2243733723958334
AMZN251205P00190000,2025-11-26 19:20:30+00:00,190.0,0.04,0.04,0.05,-0.04,-50.0,1793.0,865,0.5348557074305217,False,REGULAR,USD,put,2025-12-05,8,0.021917808219178082,0.045,229.57000732421875,0.03752999782562256,1.2082631964432566
AMZN251205P00192500,2025-11-26 15:06:06+00:00,192.5,0.07,0.04,0.05,-0.020000003,-22.222223,1.0,54,0.5020104573160086,False,REGULAR,USD,put,2025-12-05,8,0.021917808219178082,0.045,229.57000732421875,0.03752999782562256,1.1925714666193181
AMZN251205P00195000,2025-11-26 20:11:59+00:00,195.0,0.06,0.05,0.06,-0.06,-50.0,222.0,1265,0.48149970041237455,False,REGULAR,USD,put,2025-12-05,8,0.021917808219178082,0.055,229.57000732421875,0.03752999782562256,1.1772820888421474
AMZN251205P00197500,2025-11-26 17:21:40+00:00,197.5,0.06,0.07,0.08,-0.08,-57.142857,118.0,321,0.46759488527936555,False,REGULAR,USD,put,2025-12-05,8,0.021917808219178082,0.07500000000000001,229.57000732421875,0.03752999782562256,1.1623797839200949
AMZN251205P00200000,2025-11-26 20:11:59+00:00,200.0,0.09,0.09,0.1,-0.06999999,-43.749996,345.0,2680,0.44866904517297207,False,REGULAR,USD,put,2025-12-05,8,0.021917808219178082,0.095,229.57000732421875,0.03752999782562256,1.1478500366210938
AMZN251205P00202500,2025-11-26 19:10:47+00:00,202.5,0.11,0.11,0.13,-0.11,-50.0,170.0,657,0.4291019024164495,False,REGULAR,USD,put,2025-12-05,8,0.021917808219178082,0.12,229.57000732421875,0.03752999782562256,1.1336790485146604
AMZN251205P00205000,2025-11-26 20:07:19+00:00,205.0,0.16,0.15,0.16,-0.099999994,-39.999996,383.0,1272,0.4105483556964895,False,REGULAR,USD,put,2025-12-05,8,0.021917808219178082,0.155,229.57000732421875,0.03752999782562256,1.1198536942644817
AMZN251205P00207500,2025-11-26 20:06:58+00:00,207.5,0.22,0.2,0.22,-0.110000014,-33.33334,305.0,973,0.39495191740085006,False,REGULAR,USD,put,2025-12-05,8,0.021917808219178082,0.21000000000000002,229.57000732421875,0.03752999782562256,1.1063614810805722
AMZN251205P00210000,2025-11-26 20:17:52+00:00,210.0,0.28,0.28,0.29,-0.16999999,-38.63636,696.0,1846,0.379176660210708,False,REGULAR,USD,put,2025-12-05,8,0.021917808219178082,0.28500000000000003,229.57000732421875,0.03752999782562256,1.0931905110677083
AMZN251205P00212500,2025-11-26 20:06:33+00:00,212.5,0.43,0.4,0.41,-0.15999997,-27.118639,447.0,506,0.36701768759578424,False,REGULAR,USD,put,2025-12-05,8,0.021917808219178082,0.405,229.57000732421875,0.03752999782562256,1.0803294462316178
AMZN251205P00215000,2025-11-26 20:17:50+00:00,215.0,0.57,0.56,0.58,-0.24000001,-29.62963,3810.0,8750,0.3543005594353333,False,REGULAR,USD,put,2025-12-05,8,0.021917808219178082,0.5700000000000001,229.57000732421875,0.03752999782562256,1.067767475926599
AMZN251205P00217500,2025-11-26 20:18:03+00:00,217.5,0.81,0.81,0.82,-0.28000003,-25.688076,1161.0,1348,0.34371365731627807,False,REGULAR,USD,put,2025-12-05,8,0.021917808219178082,0.815,229.57000732421875,0.03752999782562256,1.0554942865481323
AMZN251205P00220000,2025-11-26 20:16:05+00:00,220.0,1.17,1.16,1.18,-0.30000007,-20.408169,2465.0,2691,0.33493211341920237,False,REGULAR,USD,put,2025-12-05,8,0.021917808219178082,1.17,229.57000732421875,0.03752999782562256,1.0435000332919033
AMZN251205P00222500,2025-11-26 20:15:24+00:00,222.5,1.67,1.66,1.68,-0.33000004,-16.500002,1561.0,1550,0.32772336616071307,False,REGULAR,USD,put,2025-12-05,8,0.021917808219178082,1.67,229.57000732421875,0.03752999782562256,1.0317753138167134
AMZN251205P00225000,2025-11-26 20:17:18+00:00,225.0,2.33,2.34,2.37,-0.37000012,-13.703708,2523.0,2512,0.3221983056020412,False,REGULAR,USD,put,2025-12-05,8,0.021917808219178082,2.355,229.57000732421875,0.03752999782562256,1.0203111436631944
AMZN251205P00227500,2025-11-26 20:13:38+00:00,227.5,3.25,3.2,3.25,-0.31999993,-8.963583,1833.0,1314,0.31567187125867213,False,REGULAR,USD,put,2025-12-05,8,0.021917808219178082,3.225,229.57000732421875,0.03752999782562256,1.0090989332932692
AMZN251205P00230000,2025-11-26 20:15:20+00:00,230.0,4.38,4.3,4.4,-0.26999998,-5.8064513,3846.0,3290,0.3117239516225937,True,REGULAR,USD,put,2025-12-05,8,0.021917808219178082,4.35,229.57000732421875,0.03752999782562256,0.9981304666270381
AMZN251205P00232500,2025-11-26 20:16:34+00:00,232.5,5.75,5.7,5.85,-0.19999981,-3.3613415,1395.0,411,0.31282580017005585,True,REGULAR,USD,put,2025-12-05,8,0.021917808219178082,5.775,229.57000732421875,0.03752999782562256,0.9873978809643817
AMZN251205P00235000,2025-11-26 20:15:17+00:00,235.0,7.4,7.35,7.5,-0.049999714,-0.6711371,412.0,2005,0.31432712349958236,True,REGULAR,USD,put,2025-12-05,8,0.021917808219178082,7.425,229.57000732421875,0.03752999782562256,0.9768936481881649
AMZN251205P00237500,2025-11-26 20:12:22+00:00,237.5,9.35,9.2,9.35,-0.15999985,-1.6824379,197.0,174,0.3162084740710022,True,REGULAR,USD,put,2025-12-05,8,0.021917808219178082,9.274999999999999,229.57000732421875,0.03752999782562256,0.9666105571546053
AMZN251205P00240000,2025-11-26 20:04:10+00:00,240.0,11.49,11.2,11.4,0.28999996,2.5892854,128.0,1647,0.3191709565163493,True,REGULAR,USD,put,2025-12-05,8,0.021917808219178082,11.3,229.57000732421875,0.03752999782562256,0.9565416971842448
AMZN251205P00242500,2025-11-26 18:09:14+00:00,242.5,12.95,13.4,13.55,0.05000019,0.3875984,33.0,74,0.3248239018490004,True,REGULAR,USD,put,2025-12-05,8,0.021917808219178082,13.475000000000001,229.57000732421875,0.03752999782562256,0.9466804425740979
AMZN251205P00245000,2025-11-26 19:35:14+00:00,245.0,15.66,15.65,15.85,0.26000023,1.6883132,70.0,1389,0.3317680621491536,True,REGULAR,USD,put,2025-12-05,8,0.021917808219178082,15.75,229.57000732421875,0.03752999782562256,0.9370204380580357
AMZN251205P00247500,2025-11-26 20:13:42+00:00,247.5,18.15,17.2,18.95,0.29999924,1.680668,24.0,37,0.3354486945336287,True,REGULAR,USD,put,2025-12-05,8,0.021917808219178082,18.075,229.57000732421875,0.03752999782562256,0.9275555851483586
AMZN251205P00250000,2025-11-26 17:35:34+00:00,250.0,19.46,20.4,20.65,-0.9900017,-4.841084,60.0,539,0.3581901527080519,True,REGULAR,USD,put,2025-12-05,8,0.021917808219178082,20.525,229.57000732421875,0.03752999782562256,0.918280029296875
AMZN251205P00255000,2025-11-26 15:16:08+00:00,255.0,24.6,25.35,25.6,-3.8999996,-13.68421,2.0,20,0.40918818393726025,True,REGULAR,USD,put,2025-12-05,8,0.021917808219178082,25.475,229.57000732421875,0.03752999782562256,0.9002745385263481
AMZN251205P00257500,2025-11-21 16:18:48+00:00,257.5,41.0,27.9,28.1,0.0,0.0,5.0,1,0.4480609962549546,True,REGULAR,USD,put,2025-12-05,8,0.021917808219178082,28.0,229.57000732421875,0.03752999782562256,0.8915340090260923
AMZN251205P00260000,2025-11-25 18:14:58+00:00,260.0,30.8,30.35,30.6,0.0,0.0,62.0,0,0.4706582289542828,True,REGULAR,USD,put,2025-12-05,8,0.021917808219178082,30.475,229.57000732421875,0.03752999782562256,0.8829615666316106
AMZN251205P00275000,2025-11-07 17:54:36+00:00,275.0,35.7,45.35,45.6,0.0,0.0,9.0,0,0.6425258070411771,True,REGULAR,USD,put,2025-12-05,8,0.021917808219178082,45.475,229.57000732421875,0.03752999782562256,0.8348000266335227
AMZN251212C00180000,2025-11-25 18:52:06+00:00,180.0,50.77,49.9,50.15,0.0,0.0,2.0,17,0.58799400667575,True,REGULAR,USD,call,2025-12-12,15,0.0410958904109589,50.025,229.57000732421875,0.03752999782562256,1.275388929578993
AMZN251212C00185000,2025-11-26 18:55:36+00:00,185.0,45.02,44.95,45.2,7.25,19.195127,1.0,5,0.5489338980852294,True,REGULAR,USD,call,2025-12-12,15,0.0410958904109589,45.075,229.57000732421875,0.03752999782562256,1.2409189585092906
AMZN251212C00190000,2025-11-26 19:26:22+00:00,190.0,40.19,40.0,40.25,1.1499977,2.9456909,53.0,22,0.5058748957960751,True,REGULAR,USD,call,2025-12-12,15,0.0410958904109589,40.125,229.57000732421875,0.03752999782562256,1.2082631964432566
AMZN251212C00200000,2025-11-26 19:58:31+00:00,200.0,30.02,30.2,30.4,-0.97999954,-3.1612887,99.0,132,0.42745017335392604,True,REGULAR,USD,call,2025-12-12,15,0.0410958904109589,30.299999999999997,229.57000732421875,0.03752999782562256,1.1478500366210938
AMZN251212C00205000,2025-11-26 16:58:53+00:00,205.0,27.32,25.4,25.6,2.9699993,12.197123,45.0,71,0.3985792691208422,True,REGULAR,USD,call,2025-12-12,15,0.0410958904109589,25.5,229.57000732421875,0.03752999782562256,1.1198536942644817
AMZN251212C00207500,2025-11-26 20:07:38+00:00,207.5,22.73,23.05,23.2,1.8899994,9.069095,1692.0,1,0.3829390204727304,True,REGULAR,USD,call,2025-12-12,15,0.0410958904109589,23.125,229.57000732421875,0.03752999782562256,1.1063614810805722
AMZN251212C00210000,2025-11-26 16:50:57+00:00,210.0,22.74,20.7,20.9,1.6399994,7.7725086,201.0,340,0.3699356670338824,True,REGULAR,USD,call,2025-12-12,15,0.0410958904109589,20.799999999999997,229.57000732421875,0.03752999782562256,1.0931905110677083
AMZN251212C00212500,2025-11-26 19:35:28+00:00,212.5,18.5,18.45,18.65,1.4500008,8.504404,7.0,28,0.3603076306821099,True,REGULAR,USD,call,2025-12-12,15,0.0410958904109589,18.549999999999997,229.57000732421875,0.03752999782562256,1.0803294462316178
AMZN251212C00215000,2025-11-26 19:44:49+00:00,215.0,16.32,16.3,16.45,-0.2800007,-1.6867511,27.0,298,0.3518246930759995,True,REGULAR,USD,call,2025-12-12,15,0.0410958904109589,16.375,229.57000732421875,0.03752999782562256,1.067767475926599
AMZN251212C00217500,2025-11-26 19:50:00+00:00,217.5,14.15,14.15,14.35,-0.40000057,-2.7491448,21.0,133,0.3411382580563429,True,REGULAR,USD,call,2025-12-12,15,0.0410958904109589,14.25,229.57000732421875,0.03752999782562256,1.0554942865481323
AMZN251212C00220000,2025-11-26 19:58:32+00:00,220.0,12.0,12.25,12.35,-0.8500004,-6.6147885,322.0,453,0.33643299635249946,True,REGULAR,USD,call,2025-12-12,15,0.0410958904109589,12.3,229.57000732421875,0.03752999782562256,1.0435000332919033
AMZN251212C00222500,2025-11-26 19:13:01+00:00,222.5,10.65,10.35,10.5,-0.25,-2.2935781,77.0,132,0.32881604830955763,True,REGULAR,USD,call,2025-12-12,15,0.0410958904109589,10.425,229.57000732421875,0.03752999782562256,1.0317753138167134
AMZN251212C00225000,2025-11-26 20:13:04+00:00,225.0,8.67,8.75,8.85,-0.6300001,-6.7741947,451.0,1463,0.32810594099073204,True,REGULAR,USD,call,2025-12-12,15,0.0410958904109589,8.8,229.57000732421875,0.03752999782562256,1.0203111436631944
AMZN251212C00227500,2025-11-26 20:11:14+00:00,227.5,7.11,7.2,7.25,-0.53999996,-7.058823,436.0,379,0.32149141079118504,True,REGULAR,USD,call,2025-12-12,15,0.0410958904109589,7.225,229.57000732421875,0.03752999782562256,1.0090989332932692
AMZN251212C00230000,2025-11-26 20:12:02+00:00,230.0,5.85,5.85,5.9,-0.4300003,-6.8471384,2199.0,2977,0.3184670975066453,False,REGULAR,USD,call,2025-12-12,15,0.0410958904109589,5.875,229.57000732421875,0.03752999782562256,0.9981304666270381
AMZN251212C00232500,2025-11-26 20:13:41+00:00,232.5,4.64,4.65,4.7,-0.41000032,-8.118817,1320.0,374,0.3145370938028332,False,REGULAR,USD,call,2025-12-12,15,0.0410958904109589,4.675000000000001,229.57000732421875,0.03752999782562256,0.9873978809643817
AMZN251212C00235000,2025-11-26 20:16:00+00:00,235.0,3.67,3.65,3.7,-0.29999995,-7.556674,1334.0,2068,0.3124467081336041,False,REGULAR,USD,call,2025-12-12,15,0.0410958904109589,3.675,229.57000732421875,0.03752999782562256,0.9768936481881649
AMZN251212C00237500,2025-11-26 20:16:41+00:00,237.5,2.87,2.82,2.86,-0.32000017,-10.031353,658.0,2056,0.31069599319238694,False,REGULAR,USD,call,2025-12-12,15,0.0410958904109589,2.84,229.57000732421875,0.03752999782562256,0.9666105571546053
AMZN251212C00240000,2025-11-26 20:13:58+00:00,240.0,2.16,2.17,2.2,-0.18999982,-8.085098,4071.0,4134,0.3110877273096406,False,REGULAR,USD,call,2025-12-12,15,0.0410958904109589,2.185,229.57000732421875,0.03752999782562256,0.9565416971842448
AMZN251212C00245000,2025-11-26 20:16:43+00:00,245.0,1.27,1.25,1.27,-0.09000003,-6.6666694,2737.0,2618,0.31383689156133904,False,REGULAR,USD,call,2025-12-12,15,0.0410958904109589,1.26,229.57000732421875,0.03752999782562256,0.9370204380580357
AMZN251212C00250000,2025-11-26 20:07:53+00:00,250.0,0.71,0.71,0.73,-0.060000002,-7.792208,5105.0,5479,0.3198499020370854,False,REGULAR,USD,call,2025-12-12,15,0.0410958904109589,0.72,229.57000732421875,0.03752999782562256,0.918280029296875
AMZN251212C00255000,2025-11-26 20:18:20+00:00,255.0,0.42,0.42,0.44,-0.030000001,-6.666667,410.0,4188,0.33084885322277136,False,REGULAR,USD,call,2025-12-12,15,0.0410958904109589,0.43,229.57000732421875,0.03752999782562256,0.9002745385263481
AMZN251212C00260000,2025-11-26 19:55:36+00:00,260.0,0.27,0.26,0.27,0.0,0.0,547.0,3500,0.3436137822160933,False,REGULAR,USD,call,2025-12-12,15,0.0410958904109589,0.265,229.57000732421875,0.03752999782562256,0.8829615666316106
AMZN251212C00265000,2025-11-26 20:02:05+00:00,265.0,0.16,0.15,0.17,0.0,0.0,149.0,1329,0.3543572876208117,False,REGULAR,USD,call,2025-12-12,15,0.0410958904109589,0.16,229.57000732421875,0.03752999782562256,0.8663019144310141
AMZN251212C00270000,2025-11-26 19:17:26+00:00,270.0,0.11,0.09,0.11,0.009999998,9.999997,1759.0,1128,0.3663096149210029,False,REGULAR,USD,call,2025-12-12,15,0.0410958904109589,0.1,229.57000732421875,0.03752999782562256,0.8502592863859953
AMZN251212C00275000,2025-11-26 19:06:11+00:00,275.0,0.07,0.06,0.07,0.010000002,16.66667,113.0,1668,0.3792842264207827,False,REGULAR,USD,call,2025-12-12,15,0.0410958904109589,0.065,229.57000732421875,0.03752999782562256,0.8348000266335227
AMZN251212C00280000,2025-11-26 19:09:09+00:00,280.0,0.05,0.03,0.05,0.010000002,25.000004,117.0,1146,0.38879875188280094,False,REGULAR,USD,call,2025-12-12,15,0.0410958904109589,0.04,229.57000732421875,0.03752999782562256,0.8198928833007812
AMZN251212C00285000,2025-11-26 17:14:02+00:00,285.0,0.04,0.02,0.04,0.02,100.0,11.0,272,0.40615270135275006,False,REGULAR,USD,call,2025-12-12,15,0.0410958904109589,0.03,229.57000732421875,0.03752999782562256,0.8055087976288378
AMZN251212C00290000,2025-11-25 20:54:10+00:00,290.0,0.02,0.01,0.03,0.0,0.0,1008.0,1244,0.4173196340199755,False,REGULAR,USD,call,2025-12-12,15,0.0410958904109589,0.02,229.57000732421875,0.03752999782562256,0.7916207149110991
AMZN251212C00295000,2025-11-26 19:46:03+00:00,295.0,0.02,0.0,0.02,0.01,100.0,63.0,1009,0.4167506098522141,False,REGULAR,USD,call,2025-12-12,15,0.0410958904109589,0.01,229.57000732421875,0.03752999782562256,0.7782034146583686
AMZN251212C00300000,2025-11-26 16:49:15+00:00,300.0,0.01,0.0,0.02,0.0,0.0,31.0,7531,0.4419808508547509,False,REGULAR,USD,call,2025-12-12,15,0.0410958904109589,0.01,229.57000732421875,0.03752999782562256,0.7652333577473959
AMZN251212C00305000,2025-11-24 19:32:58+00:00,305.0,0.01,0.0,0.02,0.0,0.0,2.0,28,0.4666474696796433,False,REGULAR,USD,call,2025-12-12,15,0.0410958904109589,0.01,229.57000732421875,0.03752999782562256,0.7526885486039959
AMZN251212P00175000,2025-11-26 18:48:35+00:00,175.0,0.08,0.08,0.09,-0.04,-33.333336,41.0,1110,0.5837598335676348,False,REGULAR,USD,put,2025-12-12,15,0.0410958904109589,0.08499999999999999,229.57000732421875,0.03752999782562256,1.31182861328125
AMZN251212P00180000,2025-11-26 20:09:40+00:00,180.0,0.1,0.1,0.11,-0.050000004,-33.333336,31.0,184,0.5451758853687255,False,REGULAR,USD,put,2025-12-12,15,0.0410958904109589,0.10500000000000001,229.57000732421875,0.03752999782562256,1.275388929578993
AMZN251212P00185000,2025-11-26 19:27:11+00:00,185.0,0.13,0.12,0.14,-0.060000002,-31.578947,66.0,1652,0.5063564712668486,False,REGULAR,USD,put,2025-12-12,15,0.0410958904109589,0.13,229.57000732421875,0.03752999782562256,1.2409189585092906
AMZN251212P00190000,2025-11-26 19:40:41+00:00,190.0,0.17,0.17,0.18,-0.06999999,-29.166664,161.0,702,0.4730914519279909,False,REGULAR,USD,put,2025-12-12,15,0.0410958904109589,0.175,229.57000732421875,0.03752999782562256,1.2082631964432566
AMZN251212P00192500,2025-11-26 18:21:45+00:00,192.5,0.19,0.19,0.21,-0.110000014,-36.66667,172.0,15,0.455017917805837,False,REGULAR,USD,put,2025-12-12,15,0.0410958904109589,0.2,229.57000732421875,0.03752999782562256,1.1925714666193181
AMZN251212P00195000,2025-11-26 18:47:28+00:00,195.0,0.24,0.23,0.25,-0.10000001,-29.411768,91.0,613,0.44040093374270106,False,REGULAR,USD,put,2025-12-12,15,0.0410958904109589,0.24,229.57000732421875,0.03752999782562256,1.1772820888421474
AMZN251212P00197500,2025-11-26 15:41:51+00:00,197.5,0.28,0.27,0.3,-0.120000005,-30.0,12.0,168,0.42475230630717226,False,REGULAR,USD,put,2025-12-12,15,0.0410958904109589,0.28500000000000003,229.57000732421875,0.03752999782562256,1.1623797839200949
AMZN251212P00200000,2025-11-26 20:15:31+00:00,200.0,0.33,0.33,0.36,-0.109999985,-24.999996,252.0,2614,0.4103688077641287,False,REGULAR,USD,put,2025-12-12,15,0.0410958904109589,0.345,229.57000732421875,0.03752999782562256,1.1478500366210938
AMZN251212P00202500,2025-11-26 20:15:31+00:00,202.5,0.41,0.4,0.42,-0.22999999,-35.937496,95.0,47,0.39418944015028773,False,REGULAR,USD,put,2025-12-12,15,0.0410958904109589,0.41000000000000003,229.57000732421875,0.03752999782562256,1.1336790485146604
AMZN251212P00205000,2025-11-26 19:59:55+00:00,205.0,0.53,0.5,0.52,-0.16000003,-23.188408,171.0,2836,0.38155456752173444,False,REGULAR,USD,put,2025-12-12,15,0.0410958904109589,0.51,229.57000732421875,0.03752999782562256,1.1198536942644817
AMZN251212P00207500,2025-11-26 20:02:12+00:00,207.5,0.67,0.64,0.65,-0.14999998,-18.29268,91.0,131,0.3703080688682391,False,REGULAR,USD,put,2025-12-12,15,0.0410958904109589,0.645,229.57000732421875,0.03752999782562256,1.1063614810805722
AMZN251212P00210000,2025-11-26 20:10:23+00:00,210.0,0.83,0.81,0.83,-0.19999999,-19.417475,2129.0,3177,0.35961196151240243,False,REGULAR,USD,put,2025-12-12,15,0.0410958904109589,0.8200000000000001,229.57000732421875,0.03752999782562256,1.0931905110677083
AMZN251212P00212500,2025-11-26 19:59:52+00:00,212.5,1.11,1.05,1.08,-0.16999996,-13.281247,106.0,398,0.3513979730847781,False,REGULAR,USD,put,2025-12-12,15,0.0410958904109589,1.065,229.57000732421875,0.03752999782562256,1.0803294462316178
AMZN251212P00215000,2025-11-26 20:17:38+00:00,215.0,1.38,1.37,1.39,-0.23000002,-14.285715,264.0,1567,0.3436122802084866,False,REGULAR,USD,put,2025-12-12,15,0.0410958904109589,1.38,229.57000732421875,0.03752999782562256,1.067767475926599
AMZN251212P00217500,2025-11-26 19:52:55+00:00,217.5,1.78,1.76,1.8,-0.35000014,-16.43193,155.0,137,0.3361571690901203,False,REGULAR,USD,put,2025-12-12,15,0.0410958904109589,1.78,229.57000732421875,0.03752999782562256,1.0554942865481323
AMZN251212P00220000,2025-11-26 20:10:26+00:00,220.0,2.3,2.28,2.31,-0.26999998,-10.5058365,353.0,3477,0.32988968521353546,False,REGULAR,USD,put,2025-12-12,15,0.0410958904109589,2.295,229.57000732421875,0.03752999782562256,1.0435000332919033
AMZN251212P00222500,2025-11-26 19:58:33+00:00,222.5,3.05,2.96,3.0,-0.18000007,-5.5727577,172.0,242,0.3268300842504407,False,REGULAR,USD,put,2025-12-12,15,0.0410958904109589,2.98,229.57000732421875,0.03752999782562256,1.0317753138167134
AMZN251212P00225000,2025-11-26 20:09:35+00:00,225.0,3.84,3.75,3.8,-0.23000026,-5.651112,356.0,6652,0.32188242576033704,False,REGULAR,USD,put,2025-12-12,15,0.0410958904109589,3.775,229.57000732421875,0.03752999782562256,1.0203111436631944
AMZN251212P00227500,2025-11-26 20:03:58+00:00,227.5,4.82,4.7,4.8,-0.07999992,-1.6326514,535.0,991,0.3185055473835833,False,REGULAR,USD,put,2025-12-12,15,0.0410958904109589,4.75,229.57000732421875,0.03752999782562256,1.0090989332932692
AMZN251212P00230000,2025-11-26 20:01:14+00:00,230.0,6.0,5.85,5.9,-0.09000015,-1.4778349,379.0,1053,0.31439746111155725,True,REGULAR,USD,put,2025-12-12,15,0.0410958904109589,5.875,229.57000732421875,0.03752999782562256,0.9981304666270381
AMZN251212P00232500,2025-11-26 19:07:47+00:00,232.5,6.99,7.1,7.2,-0.26000023,-3.58621,263.0,93,0.30927522120619133,True,REGULAR,USD,put,2025-12-12,15,0.0410958904109589,7.15,229.57000732421875,0.03752999782562256,0.9873978809643817
AMZN251212P00235000,2025-11-26 18:25:49+00:00,235.0,7.85,8.65,8.75,-1.1600003,-12.874587,67.0,847,0.31002315206477515,True,REGULAR,USD,put,2025-12-12,15,0.0410958904109589,8.7,229.57000732421875,0.03752999782562256,0.9768936481881649
AMZN251212P00237500,2025-11-26 19:43:14+00:00,237.5,10.33,10.3,10.45,-0.069999695,-0.673074,28.0,29,0.3089409922662734,True,REGULAR,USD,put,2025-12-12,15,0.0410958904109589,10.375,229.57000732421875,0.03752999782562256,0.9666105571546053
AMZN251212P00240000,2025-11-26 19:01:44+00:00,240.0,12.07,12.15,12.3,0.049999237,0.41596702,20.0,606,0.3097491230713508,True,REGULAR,USD,put,2025-12-12,15,0.0410958904109589,12.225000000000001,229.57000732421875,0.03752999782562256,0.9565416971842448
AMZN251212P00245000,2025-11-26 18:04:46+00:00,245.0,15.43,16.2,16.45,-0.54999924,-3.4417975,11.0,573,0.3149164469150739,True,REGULAR,USD,put,2025-12-12,15,0.0410958904109589,16.325,229.57000732421875,0.03752999782562256,0.9370204380580357
AMZN251212P00250000,2025-11-26 17:26:10+00:00,250.0,19.5,20.7,20.95,-1.2199993,-5.8880277,23.0,462,0.3268920156656737,True,REGULAR,USD,put,2025-12-12,15,0.0410958904109589,20.825,229.57000732421875,0.03752999782562256,0.918280029296875
AMZN251212P00255000,2025-11-26 15:13:15+00:00,255.0,25.05,24.6,26.6,-13.440002,-34.918167,15.0,22,0.3517001916263358,True,REGULAR,USD,put,2025-12-12,15,0.0410958904109589,25.6,229.57000732421875,0.03752999782562256,0.9002745385263481
AMZN251212P00265000,2025-11-20 19:26:02+00:00,265.0,45.75,35.35,35.6,0.0,0.0,191.0,0,0.4275793884310533,True,REGULAR,USD,put,2025-12-12,15,0.0410958904109589,35.475,229.57000732421875,0.03752999782562256,0.8663019144310141
AMZN251212P00275000,2025-11-14 18:04:07+00:00,275.0,38.97,45.35,45.6,0.0,0.0,12.0,0,0.516471293407116,True,REGULAR,USD,put,2025-12-12,15,0.0410958904109589,45.475,229.57000732421875,0.03752999782562256,0.8348000266335227
AMZN251212P00285000,2025-11-14 17:02:42+00:00,285.0,47.27,55.35,55.6,0.0,0.0,8.0,0,0.6002402660076401,True,REGULAR,USD,put,2025-12-12,15,0.0410958904109589,55.475,229.57000732421875,0.03752999782562256,0.8055087976288378
AMZN251219C00165000,2025-11-25 20:50:00+00:00,165.0,65.3,65.0,65.2,0.0,0.0,3.0,1175,0.6236354662560432,True,REGULAR,USD,call,2025-12-19,22,0.06027397260273973,65.1,229.57000732421875,0.03752999782562256,1.3913333777225378
AMZN251219C00170000,2025-11-26 19:26:13+00:00,170.0,60.25,60.05,60.25,3.0499992,5.3321667,1.0,2360,0.5927282836798549,True,REGULAR,USD,call,2025-12-19,22,0.06027397260273973,60.15,229.57000732421875,0.03752999782562256,1.350411807789522
AMZN251219C00175000,2025-11-26 20:16:03+00:00,175.0,55.25,55.1,55.3,-0.20000076,-0.36068666,26.0,3532,0.5582814652571866,True,REGULAR,USD,call,2025-12-19,22,0.06027397260273973,55.2,229.57000732421875,0.03752999782562256,1.31182861328125
AMZN251219C00180000,2025-11-26 18:27:40+00:00,180.0,51.5,49.3,51.25,1.1500015,2.284015,6.0,4998,0.5289715946183455,True,REGULAR,USD,call,2025-12-19,22,0.06027397260273973,50.275,229.57000732421875,0.03752999782562256,1.275388929578993
AMZN251219C00190000,2025-11-26 19:44:50+00:00,190.0,40.4,40.35,40.55,1.4099998,3.6163113,4.0,3186,0.4631249351272873,True,REGULAR,USD,call,2025-12-19,22,0.06027397260273973,40.45,229.57000732421875,0.03752999782562256,1.2082631964432566
AMZN251219C00192500,2025-11-26 17:06:39+00:00,192.5,39.85,37.9,38.05,5.3499985,15.507243,1.0,7,0.4407289130087528,True,REGULAR,USD,call,2025-12-19,22,0.06027397260273973,37.974999999999994,229.57000732421875,0.03752999782562256,1.1925714666193181
AMZN251219C00195000,2025-11-26 19:10:34+00:00,195.0,35.8,35.45,35.65,-0.40000153,-1.1049765,15.0,3713,0.4267048047732928,True,REGULAR,USD,call,2025-12-19,22,0.06027397260273973,35.55,229.57000732421875,0.03752999782562256,1.1772820888421474
AMZN251219C00200000,2025-11-26 18:47:43+00:00,200.0,31.04,30.7,30.9,-0.0099983215,-0.032200713,1067.0,8378,0.40688474649982537,True,REGULAR,USD,call,2025-12-19,22,0.06027397260273973,30.799999999999997,229.57000732421875,0.03752999782562256,1.1478500366210938
AMZN251219C00205000,2025-11-26 20:06:36+00:00,205.0,25.76,26.0,26.2,-0.6399994,-2.42424,32.0,6497,0.38183576994312446,True,REGULAR,USD,call,2025-12-19,22,0.06027397260273973,26.1,229.57000732421875,0.03752999782562256,1.1198536942644817
AMZN251219C00207500,2025-11-26 19:40:09+00:00,207.5,23.78,23.7,23.9,-0.069999695,-0.29349977,6.0,22,0.3701032064175921,True,REGULAR,USD,call,2025-12-19,22,0.06027397260273973,23.799999999999997,229.57000732421875,0.03752999782562256,1.1063614810805722
AMZN251219C00210000,2025-11-26 19:48:11+00:00,210.0,21.49,21.5,21.7,-0.4699993,-2.1402519,243.0,8534,0.3633627973956063,True,REGULAR,USD,call,2025-12-19,22,0.06027397260273973,21.6,229.57000732421875,0.03752999782562256,1.0931905110677083
AMZN251219C00212500,2025-11-26 18:39:34+00:00,212.5,19.9,19.3,19.5,0.02999878,0.15097523,11.0,65,0.35243804312069393,True,REGULAR,USD,call,2025-12-19,22,0.06027397260273973,19.4,229.57000732421875,0.03752999782562256,1.0803294462316178
AMZN251219C00215000,2025-11-26 19:49:42+00:00,215.0,17.26,17.25,17.4,-0.6000004,-3.3594644,1092.0,6273,0.34590886447374064,True,REGULAR,USD,call,2025-12-19,22,0.06027397260273973,17.325,229.57000732421875,0.03752999782562256,1.067767475926599
AMZN251219C00217500,2025-11-26 19:01:53+00:00,217.5,15.45,15.25,15.4,-0.3699999,-2.338811,50.0,62,0.33909737298137566,True,REGULAR,USD,call,2025-12-19,22,0.06027397260273973,15.325,229.57000732421875,0.03752999782562256,1.0554942865481323
AMZN251219C00220000,2025-11-26 20:13:09+00:00,220.0,13.4,13.45,13.55,-0.6000004,-4.285717,645.0,17177,0.3367765315447045,True,REGULAR,USD,call,2025-12-19,22,0.06027397260273973,13.5,229.57000732421875,0.03752999782562256,1.0435000332919033
AMZN251219C00222500,2025-11-26 20:17:00+00:00,222.5,11.71,11.6,11.75,-0.34000015,-2.821578,141.0,177,0.3288605818559426,True,REGULAR,USD,call,2025-12-19,22,0.06027397260273973,11.675,229.57000732421875,0.03752999782562256,1.0317753138167134
AMZN251219C00225000,2025-11-26 20:16:34+00:00,225.0,10.1,10.05,10.15,-0.39999962,-3.8095202,794.0,12088,0.3275289800289472,True,REGULAR,USD,call,2025-12-19,22,0.06027397260273973,10.100000000000001,229.57000732421875,0.03752999782562256,1.0203111436631944
AMZN251219C00227500,2025-11-26 20:14:47+00:00,227.5,8.51,8.55,8.6,-0.59000015,-6.483518,619.0,686,0.32253589131256727,True,REGULAR,USD,call,2025-12-19,22,0.06027397260273973,8.575,229.57000732421875,0.03752999782562256,1.0090989332932692
AMZN251219C00230000,2025-11-26 20:16:09+00:00,230.0,7.2,7.1,7.2,-0.36000013,-4.7619066,7353.0,21363,0.31613423430142895,False,REGULAR,USD,call,2025-12-19,22,0.06027397260273973,7.15,229.57000732421875,0.03752999782562256,0.9981304666270381
AMZN251219C00232500,2025-11-26 20:10:16+00:00,232.5,5.91,5.95,6.0,-0.46000004,-7.2213507,1540.0,3467,0.3147673619524931,False,REGULAR,USD,call,2025-12-19,22,0.06027397260273973,5.975,229.57000732421875,0.03752999782562256,0.9873978809643817
AMZN251219C00235000,2025-11-26 20:18:07+00:00,235.0,4.9,4.9,4.95,-0.32999992,-6.2857127,6970.0,48021,0.3128515632515922,False,REGULAR,USD,call,2025-12-19,22,0.06027397260273973,4.925000000000001,229.57000732421875,0.03752999782562256,0.9768936481881649
AMZN251219C00237500,2025-11-26 20:10:16+00:00,237.5,3.98,3.95,4.05,-0.2800002,-6.5727744,286.0,482,0.31051608341902304,False,REGULAR,USD,call,2025-12-19,22,0.06027397260273973,4.0,229.57000732421875,0.03752999782562256,0.9666105571546053
AMZN251219C00240000,2025-11-26 20:17:13+00:00,240.0,3.23,3.2,3.25,-0.17000008,-4.985339,7661.0,29864,0.3092523872859999,False,REGULAR,USD,call,2025-12-19,22,0.06027397260273973,3.225,229.57000732421875,0.03752999782562256,0.9565416971842448
AMZN251219C00245000,2025-11-26 20:16:58+00:00,245.0,2.06,2.04,2.06,-0.09000015,-4.1860533,6366.0,26493,0.3086342345057795,False,REGULAR,USD,call,2025-12-19,22,0.06027397260273973,2.05,229.57000732421875,0.03752999782562256,0.9370204380580357
AMZN251219C00250000,2025-11-26 20:14:02+00:00,250.0,1.28,1.28,1.3,-0.07000005,-5.185189,5280.0,34334,0.31131949178756146,False,REGULAR,USD,call,2025-12-19,22,0.06027397260273973,1.29,229.57000732421875,0.03752999782562256,0.918280029296875
AMZN251219C00255000,2025-11-26 20:14:24+00:00,255.0,0.83,0.82,0.84,-0.030000031,-3.4883757,3353.0,41984,0.3181400808349103,False,REGULAR,USD,call,2025-12-19,22,0.06027397260273973,0.83,229.57000732421875,0.03752999782562256,0.9002745385263481
AMZN251219C00260000,2025-11-26 20:16:36+00:00,260.0,0.55,0.54,0.55,-0.01999998,-3.5087686,2684.0,53274,0.32696235720497896,False,REGULAR,USD,call,2025-12-19,22,0.06027397260273973,0.545,229.57000732421875,0.03752999782562256,0.8829615666316106
AMZN251219C00265000,2025-11-26 20:02:47+00:00,265.0,0.37,0.37,0.38,-0.01999998,-5.1282005,580.0,11413,0.33860846050940285,False,REGULAR,USD,call,2025-12-19,22,0.06027397260273973,0.375,229.57000732421875,0.03752999782562256,0.8663019144310141
AMZN251219C00270000,2025-11-26 20:05:44+00:00,270.0,0.26,0.26,0.27,-0.01000002,-3.5714355,1024.0,51640,0.3509845827408768,False,REGULAR,USD,call,2025-12-19,22,0.06027397260273973,0.265,229.57000732421875,0.03752999782562256,0.8502592863859953
AMZN251219C00275000,2025-11-26 19:36:17+00:00,275.0,0.2,0.19,0.2,0.010000005,5.2631607,266.0,15834,0.36467034430504525,False,REGULAR,USD,call,2025-12-19,22,0.06027397260273973,0.195,229.57000732421875,0.03752999782562256,0.8348000266335227
AMZN251219C00280000,2025-11-26 19:54:23+00:00,280.0,0.13,0.13,0.14,0.0,0.0,1133.0,17349,0.37392354585335713,False,REGULAR,USD,call,2025-12-19,22,0.06027397260273973,0.135,229.57000732421875,0.03752999782562256,0.8198928833007812
AMZN251219C00285000,2025-11-26 20:04:53+00:00,285.0,0.1,0.09,0.11,0.0,0.0,76.0,29256,0.3860099162802121,False,REGULAR,USD,call,2025-12-19,22,0.06027397260273973,0.1,229.57000732421875,0.03752999782562256,0.8055087976288378
AMZN251219C00290000,2025-11-26 19:30:31+00:00,290.0,0.07,0.07,0.08,0.0,0.0,107.0,11202,0.3978214631581956,False,REGULAR,USD,call,2025-12-19,22,0.06027397260273973,0.07500000000000001,229.57000732421875,0.03752999782562256,0.7916207149110991
AMZN251219C00295000,2025-11-26 19:45:40+00:00,295.0,0.06,0.04,0.06,0.0,0.0,12.0,5277,0.40331542812511467,False,REGULAR,USD,call,2025-12-19,22,0.06027397260273973,0.05,229.57000732421875,0.03752999782562256,0.7782034146583686
AMZN251219C00300000,2025-11-26 20:12:42+00:00,300.0,0.05,0.04,0.05,0.010000002,25.000004,326.0,50825,0.42204342979225773,False,REGULAR,USD,call,2025-12-19,22,0.06027397260273973,0.045,229.57000732421875,0.03752999782562256,0.7652333577473959
AMZN251219C00305000,2025-11-26 16:50:24+00:00,305.0,0.04,0.03,0.04,0.01,33.333336,2.0,1131,0.4331866880458702,False,REGULAR,USD,call,2025-12-19,22,0.06027397260273973,0.035,229.57000732421875,0.03752999782562256,0.7526885486039959
AMZN251219C00310000,2025-11-26 16:23:43+00:00,310.0,0.01,0.02,0.03,-0.01,-50.0,2.0,6801,0.439930012602862,False,REGULAR,USD,call,2025-12-19,22,0.06027397260273973,0.025,229.57000732421875,0.03752999782562256,0.7405484107232863
AMZN251219C00315000,2025-11-26 16:07:23+00:00,315.0,0.03,0.01,0.03,0.02,200.0,1.0,1460,0.4510710508479699,False,REGULAR,USD,call,2025-12-19,22,0.06027397260273973,0.02,229.57000732421875,0.03752999782562256,0.7287936740451388
AMZN251219C00320000,2025-11-26 19:52:30+00:00,320.0,0.02,0.0,0.02,0.01,100.0,203.0,5071,0.44299035962066907,False,REGULAR,USD,call,2025-12-19,22,0.06027397260273973,0.01,229.57000732421875,0.03752999782562256,0.7174062728881836
AMZN251219C00325000,2025-11-26 18:55:51+00:00,325.0,0.01,0.0,0.01,-0.01,-50.0,2.0,5470,0.436688948833751,False,REGULAR,USD,call,2025-12-19,22,0.06027397260273973,0.005,229.57000732421875,0.03752999782562256,0.7063692533052884
AMZN251219P00165000,2025-11-26 18:43:11+00:00,165.0,0.11,0.1,0.11,-0.019999996,-15.384612,719.0,3485,0.5905829728509042,False,REGULAR,USD,put,2025-12-19,22,0.06027397260273973,0.10500000000000001,229.57000732421875,0.03752999782562256,1.3913333777225378
AMZN251219P00170000,2025-11-26 19:07:36+00:00,170.0,0.13,0.12,0.14,-0.040000007,-23.529415,260.0,8383,0.5589617053076179,False,REGULAR,USD,put,2025-12-19,22,0.06027397260273973,0.13,229.57000732421875,0.03752999782562256,1.350411807789522
AMZN251219P00175000,2025-11-26 19:30:19+00:00,175.0,0.16,0.15,0.17,-0.049999997,-23.809523,32.0,8349,0.5268409141798099,False,REGULAR,USD,put,2025-12-19,22,0.06027397260273973,0.16,229.57000732421875,0.03752999782562256,1.31182861328125
AMZN251219P00180000,2025-11-26 20:00:23+00:00,180.0,0.21,0.2,0.21,-0.049999997,-19.230768,74.0,12561,0.497635103430098,False,REGULAR,USD,put,2025-12-19,22,0.06027397260273973,0.20500000000000002,229.57000732421875,0.03752999782562256,1.275388929578993
AMZN251219P00185000,2025-11-26 20:12:38+00:00,185.0,0.26,0.26,0.27,-0.060000002,-18.75,474.0,7321,0.4688252730131151,False,REGULAR,USD,put,2025-12-19,22,0.06027397260273973,0.265,229.57000732421875,0.03752999782562256,1.2409189585092906
AMZN251219P00190000,2025-11-26 20:00:23+00:00,190.0,0.35,0.34,0.35,-0.060000002,-14.634147,237.0,12203,0.4401242148070709,False,REGULAR,USD,put,2025-12-19,22,0.06027397260273973,0.345,229.57000732421875,0.03752999782562256,1.2082631964432566
AMZN251219P00192500,2025-11-26 17:40:11+00:00,192.5,0.36,0.39,0.41,-0.24000001,-40.0,3.0,172,0.4268640358635338,False,REGULAR,USD,put,2025-12-19,22,0.06027397260273973,0.4,229.57000732421875,0.03752999782562256,1.1925714666193181
AMZN251219P00195000,2025-11-26 20:18:03+00:00,195.0,0.46,0.46,0.47,-0.09,-16.071428,295.0,10579,0.41367868679179587,False,REGULAR,USD,put,2025-12-19,22,0.06027397260273973,0.46499999999999997,229.57000732421875,0.03752999782562256,1.1772820888421474
AMZN251219P00197500,2025-11-26 20:00:53+00:00,197.5,0.57,0.54,0.55,-0.06999999,-10.937499,90.0,629,0.4010343264063089,False,REGULAR,USD,put,2025-12-19,22,0.06027397260273973,0.545,229.57000732421875,0.03752999782562256,1.1623797839200949
AMZN251219P00200000,2025-11-26 20:08:36+00:00,200.0,0.66,0.64,0.66,-0.099999964,-13.15789,550.0,25762,0.38979976851655757,False,REGULAR,USD,put,2025-12-19,22,0.06027397260273973,0.65,229.57000732421875,0.03752999782562256,1.1478500366210938
AMZN251219P00202500,2025-11-26 19:06:06+00:00,202.5,0.77,0.77,0.79,-0.13,-14.444445,144.0,361,0.3790671381562896,False,REGULAR,USD,put,2025-12-19,22,0.06027397260273973,0.78,229.57000732421875,0.03752999782562256,1.1336790485146604
AMZN251219P00205000,2025-11-26 20:08:30+00:00,205.0,0.97,0.94,0.95,-0.13,-11.818182,1089.0,15868,0.369251152473226,False,REGULAR,USD,put,2025-12-19,22,0.06027397260273973,0.945,229.57000732421875,0.03752999782562256,1.1198536942644817
AMZN251219P00207500,2025-11-26 20:12:27+00:00,207.5,1.17,1.16,1.18,-0.16000009,-12.030081,338.0,522,0.36182411104443546,False,REGULAR,USD,put,2025-12-19,22,0.06027397260273973,1.17,229.57000732421875,0.03752999782562256,1.1063614810805722
AMZN251219P00210000,2025-11-26 20:08:36+00:00,210.0,1.47,1.41,1.43,-0.13999999,-8.695651,573.0,18912,0.35252281161200594,False,REGULAR,USD,put,2025-12-19,22,0.06027397260273973,1.42,229.57000732421875,0.03752999782562256,1.0931905110677083
AMZN251219P00212500,2025-11-26 19:55:01+00:00,212.5,1.76,1.76,1.79,-0.21000004,-10.659901,161.0,620,0.3471146732397196,False,REGULAR,USD,put,2025-12-19,22,0.06027397260273973,1.775,229.57000732421875,0.03752999782562256,1.0803294462316178
AMZN251219P00215000,2025-11-26 20:12:38+00:00,215.0,2.19,2.18,2.21,-0.17999983,-7.5949297,3143.0,14752,0.34118765908212506,False,REGULAR,USD,put,2025-12-19,22,0.06027397260273973,2.1950000000000003,229.57000732421875,0.03752999782562256,1.067767475926599
AMZN251219P00217500,2025-11-26 19:58:32+00:00,217.5,2.75,2.67,2.7,-0.18000007,-6.1433473,403.0,369,0.33456447818453483,False,REGULAR,USD,put,2025-12-19,22,0.06027397260273973,2.685,229.57000732421875,0.03752999782562256,1.0554942865481323
AMZN251219P00220000,2025-11-26 20:16:58+00:00,220.0,3.3,3.25,3.35,-0.20000005,-5.714287,1845.0,18920,0.3297464388420536,False,REGULAR,USD,put,2025-12-19,22,0.06027397260273973,3.3,229.57000732421875,0.03752999782562256,1.0435000332919033
AMZN251219P00222500,2025-11-26 20:15:59+00:00,222.5,4.03,4.0,4.05,-0.21999979,-5.1764655,196.0,335,0.32504507305476965,False,REGULAR,USD,put,2025-12-19,22,0.06027397260273973,4.025,229.57000732421875,0.03752999782562256,1.0317753138167134
AMZN251219P00225000,2025-11-26 20:18:08+00:00,225.0,4.9,4.9,4.95,-0.13000011,-2.5844953,1751.0,10758,0.32300699909024394,False,REGULAR,USD,put,2025-12-19,22,0.06027397260273973,4.925000000000001,229.57000732421875,0.03752999782562256,1.0203111436631944
AMZN251219P00227500,2025-11-26 20:16:54+00:00,227.5,5.88,5.85,5.9,-0.19000006,-3.1456964,250.0,432,0.31729159496910236,False,REGULAR,USD,put,2025-12-19,22,0.06027397260273973,5.875,229.57000732421875,0.03752999782562256,1.0090989332932692
AMZN251219P00230000,2025-11-26 20:04:54+00:00,230.0,7.13,7.0,7.05,-0.07999992,-1.109569,1713.0,9651,0.3145627042165887,True,REGULAR,USD,put,2025-12-19,22,0.06027397260273973,7.025,229.57000732421875,0.03752999782562256,0.9981304666270381
AMZN251219P00232500,2025-11-26 20:17:31+00:00,232.5,8.33,8.25,8.35,-0.09000015,-1.0688854,212.0,74,0.31120807249041665,True,REGULAR,USD,put,2025-12-19,22,0.06027397260273973,8.3,229.57000732421875,0.03752999782562256,0.9873978809643817
AMZN251219P00235000,2025-11-26 20:09:31+00:00,235.0,9.85,9.7,9.85,0.030000687,0.305506,191.0,11020,0.31060971725054154,True,REGULAR,USD,put,2025-12-19,22,0.06027397260273973,9.774999999999999,229.57000732421875,0.03752999782562256,0.9768936481881649
AMZN251219P00237500,2025-11-26 20:17:31+00:00,237.5,11.3,11.3,11.45,-0.3000002,-2.5862083,133.0,47,0.30963917934978774,True,REGULAR,USD,put,2025-12-19,22,0.06027397260273973,11.375,229.57000732421875,0.03752999782562256,0.9666105571546053
AMZN251219P00240000,2025-11-26 20:04:10+00:00,240.0,13.24,13.0,13.15,0.27999973,2.1604917,113.0,7156,0.30733334394561784,True,REGULAR,USD,put,2025-12-19,22,0.06027397260273973,13.075,229.57000732421875,0.03752999782562256,0.9565416971842448
AMZN251219P00245000,2025-11-26 19:25:37+00:00,245.0,16.82,16.85,17.0,0.11999893,0.71855646,60.0,5370,0.30854856554274007,True,REGULAR,USD,put,2025-12-19,22,0.06027397260273973,16.925,229.57000732421875,0.03752999782562256,0.9370204380580357
AMZN251219P00250000,2025-11-26 15:49:38+00:00,250.0,20.5,21.15,21.4,-0.55999947,-2.659067,34.0,5233,0.3203964389247475,True,REGULAR,USD,put,2025-12-19,22,0.06027397260273973,21.275,229.57000732421875,0.03752999782562256,0.918280029296875
AMZN251219P00255000,2025-11-26 20:07:19+00:00,255.0,26.25,25.75,25.95,-1.7299995,-6.1829863,48.0,3124,0.3341612450910007,True,REGULAR,USD,put,2025-12-19,22,0.06027397260273973,25.85,229.57000732421875,0.03752999782562256,0.9002745385263481
AMZN251219P00260000,2025-11-26 19:16:09+00:00,260.0,30.45,30.45,31.65,0.25,0.8278145,112.0,519,0.3983709030075867,True,REGULAR,USD,put,2025-12-19,22,0.06027397260273973,31.049999999999997,229.57000732421875,0.03752999782562256,0.8829615666316106
AMZN251219P00265000,2025-11-26 17:18:31+00:00,265.0,34.22,35.4,36.55,-2.9799995,-8.010751,5.0,4,0.4353675468765345,True,REGULAR,USD,put,2025-12-19,22,0.06027397260273973,35.974999999999994,229.57000732421875,0.03752999782562256,0.8663019144310141
AMZN251219P00270000,2025-11-26 15:04:15+00:00,270.0,40.39,40.35,40.6,-0.010002136,-0.024757762,2.0,9,0.41831223034395804,True,REGULAR,USD,put,2025-12-19,22,0.06027397260273973,40.475,229.57000732421875,0.03752999782562256,0.8502592863859953
AMZN251219P00275000,2025-11-20 20:46:51+00:00,275.0,57.8,45.35,45.6,0.0,0.0,130.0,0,0.4563948599333717,True,REGULAR,USD,put,2025-12-19,22,0.06027397260273973,45.475,229.57000732421875,0.03752999782562256,0.8348000266335227
AMZN251219P00295000,2025-11-24 19:56:13+00:00,295.0,68.85,65.35,65.55,0.0,0.0,10.0,0,0.5942542278632481,True,REGULAR,USD,put,2025-12-19,22,0.06027397260273973,65.44999999999999,229.57000732421875,0.03752999782562256,0.7782034146583686
AMZN251219P00300000,2025-11-10 15:28:10+00:00,300.0,51.65,70.35,71.55,0.0,0.0,14.0,0,0.7009253781393341,True,REGULAR,USD,put,2025-12-19,22,0.06027397260273973,70.94999999999999,229.57000732421875,0.03752999782562256,0.7652333577473959
AMZN251219P00310000,2025-11-03 20:50:08+00:00,310.0,55.5,80.35,80.6,0.0,0.0,100.0,0,0.6962011118581428,True,REGULAR,USD,put,2025-12-19,22,0.06027397260273973,80.475,229.57000732421875,0.03752999782562256,0.7405484107232863
AMZN251219P00320000,2025-11-07 14:45:09+00:00,320.0,79.98,90.35,90.6,0.0,0.0,5.0,0,0.7580040304938945,True,REGULAR,USD,put,2025-12-19,22,0.06027397260273973,90.475,229.57000732421875,0.03752999782562256,0.7174062728881836
AMZN251226C00170000,2025-11-25 18:05:45+00:00,170.0,60.25,59.25,61.45,0.0,0.0,6.0,15,0.5448030282995975,True,REGULAR,USD,call,2025-12-26,29,0.07945205479452055,60.35,229.57000732421875,0.03752999782562256,1.350411807789522
AMZN251226C00190000,2025-11-26 18:25:59+00:00,190.0,41.8,39.65,40.85,4.290001,11.436954,3.0,13,0.3210531927834282,True,REGULAR,USD,call,2025-12-26,29,0.07945205479452055,40.25,229.57000732421875,0.03752999782562256,1.2082631964432566
AMZN251226C00195000,2025-11-26 14:32:45+00:00,195.0,36.67,34.8,37.0,8.969997,32.38266,2.0,89,0.4012086172857863,True,REGULAR,USD,call,2025-12-26,29,0.07945205479452055,35.9,229.57000732421875,0.03752999782562256,1.1772820888421474
AMZN251226C00200000,2025-11-26 17:36:02+00:00,200.0,32.15,31.1,31.3,0.63000107,1.9987344,31.0,423,0.38249679084607163,True,REGULAR,USD,call,2025-12-26,29,0.07945205479452055,31.200000000000003,229.57000732421875,0.03752999782562256,1.1478500366210938
AMZN251226C00205000,2025-11-26 19:24:54+00:00,205.0,26.6,26.4,26.65,-1.0,-3.6231883,14.0,98,0.3573511842651575,True,REGULAR,USD,call,2025-12-26,29,0.07945205479452055,26.525,229.57000732421875,0.03752999782562256,1.1198536942644817
AMZN251226C00210000,2025-11-26 19:29:11+00:00,210.0,22.2,22.1,22.3,-0.3899994,-1.7264249,52.0,181,0.34771634792665274,True,REGULAR,USD,call,2025-12-26,29,0.07945205479452055,22.200000000000003,229.57000732421875,0.03752999782562256,1.0931905110677083
AMZN251226C00215000,2025-11-26 20:10:04+00:00,215.0,17.96,17.95,18.1,-0.48000145,-2.6030447,141.0,253,0.3325513328440948,True,REGULAR,USD,call,2025-12-26,29,0.07945205479452055,18.025,229.57000732421875,0.03752999782562256,1.067767475926599
AMZN251226C00220000,2025-11-26 20:11:01+00:00,220.0,14.2,14.2,14.3,-0.6000004,-4.0540566,71.0,736,0.32249648649420226,True,REGULAR,USD,call,2025-12-26,29,0.07945205479452055,14.25,229.57000732421875,0.03752999782562256,1.0435000332919033
AMZN251226C00225000,2025-11-26 20:13:11+00:00,225.0,10.85,10.8,10.95,-0.40999985,-3.6412065,210.0,1355,0.31291564962793345,True,REGULAR,USD,call,2025-12-26,29,0.07945205479452055,10.875,229.57000732421875,0.03752999782562256,1.0203111436631944
AMZN251226C00230000,2025-11-26 20:15:52+00:00,230.0,8.0,7.95,8.05,-0.4499998,-5.325442,994.0,1503,0.3051961199027121,False,REGULAR,USD,call,2025-12-26,29,0.07945205479452055,8.0,229.57000732421875,0.03752999782562256,0.9981304666270381
AMZN251226C00235000,2025-11-26 20:12:49+00:00,235.0,5.65,5.65,5.75,-0.3800001,-6.301826,1119.0,4734,0.30066433387349284,False,REGULAR,USD,call,2025-12-26,29,0.07945205479452055,5.7,229.57000732421875,0.03752999782562256,0.9768936481881649
AMZN251226C00240000,2025-11-26 20:06:05+00:00,240.0,3.84,3.9,3.95,-0.31000018,-7.469884,1100.0,4918,0.2976902972813126,False,REGULAR,USD,call,2025-12-26,29,0.07945205479452055,3.925,229.57000732421875,0.03752999782562256,0.9565416971842448
AMZN251226C00245000,2025-11-26 20:17:28+00:00,245.0,2.6,2.58,2.62,-0.1400001,-5.109493,596.0,2608,0.2951275755151004,False,REGULAR,USD,call,2025-12-26,29,0.07945205479452055,2.6,229.57000732421875,0.03752999782562256,0.9370204380580357
AMZN251226C00250000,2025-11-26 20:11:37+00:00,250.0,1.67,1.69,1.72,-0.1500001,-8.241763,3887.0,3377,0.2959082557724031,False,REGULAR,USD,call,2025-12-26,29,0.07945205479452055,1.705,229.57000732421875,0.03752999782562256,0.918280029296875
AMZN251226C00255000,2025-11-26 20:12:56+00:00,255.0,1.12,1.1,1.13,-0.100000024,-8.333335,402.0,2956,0.2989374328131179,False,REGULAR,USD,call,2025-12-26,29,0.07945205479452055,1.115,229.57000732421875,0.03752999782562256,0.9002745385263481
AMZN251226C00260000,2025-11-26 19:49:54+00:00,260.0,0.73,0.74,0.76,-0.06999999,-8.749999,2305.0,3647,0.3053466402139164,False,REGULAR,USD,call,2025-12-26,29,0.07945205479452055,0.75,229.57000732421875,0.03752999782562256,0.8829615666316106
AMZN251226C00265000,2025-11-26 20:05:59+00:00,265.0,0.51,0.5,0.52,-0.030000031,-5.555561,248.0,1626,0.31260132096069393,False,REGULAR,USD,call,2025-12-26,29,0.07945205479452055,0.51,229.57000732421875,0.03752999782562256,0.8663019144310141
AMZN251226C00270000,2025-11-26 18:37:44+00:00,270.0,0.37,0.35,0.37,0.0,0.0,43.0,354,0.32188056097647455,False,REGULAR,USD,call,2025-12-26,29,0.07945205479452055,0.36,229.57000732421875,0.03752999782562256,0.8502592863859953
AMZN251226C00275000,2025-11-26 19:11:51+00:00,275.0,0.27,0.25,0.27,-0.00999999,-3.5714252,51.0,1390,0.3317992899148508,False,REGULAR,USD,call,2025-12-26,29,0.07945205479452055,0.26,229.57000732421875,0.03752999782562256,0.8348000266335227
AMZN251226C00280000,2025-11-26 19:50:51+00:00,280.0,0.2,0.18,0.19,0.0,0.0,18.0,247,0.34020108806859084,False,REGULAR,USD,call,2025-12-26,29,0.07945205479452055,0.185,229.57000732421875,0.03752999782562256,0.8198928833007812
AMZN251226C00290000,2025-11-25 18:44:59+00:00,290.0,0.12,0.09,0.12,0.0,0.0,7.0,180,0.3607544211974735,False,REGULAR,USD,call,2025-12-26,29,0.07945205479452055,0.105,229.57000732421875,0.03752999782562256,0.7916207149110991
AMZN251226C00295000,2025-11-26 15:51:17+00:00,295.0,0.1,0.07,0.09,0.020000003,25.000004,1.0,323,0.3704716194743741,False,REGULAR,USD,call,2025-12-26,29,0.07945205479452055,0.08,229.57000732421875,0.03752999782562256,0.7782034146583686
AMZN251226C00300000,2025-11-26 16:25:25+00:00,300.0,0.07,0.05,0.07,0.010000002,16.66667,8.0,2760,0.37885016394441,False,REGULAR,USD,call,2025-12-26,29,0.07945205479452055,0.060000000000000005,229.57000732421875,0.03752999782562256,0.7652333577473959
AMZN251226C00305000,2025-11-26 15:15:59+00:00,305.0,0.04,0.03,0.06,-0.010000002,-20.000002,41.0,87,0.38670379322033405,False,REGULAR,USD,call,2025-12-26,29,0.07945205479452055,0.045,229.57000732421875,0.03752999782562256,0.7526885486039959
AMZN251226C00310000,2025-11-26 19:00:03+00:00,310.0,0.04,0.02,0.05,0.0,0.0,1.0,33,0.3955697822256816,False,REGULAR,USD,call,2025-12-26,29,0.07945205479452055,0.035,229.57000732421875,0.03752999782562256,0.7405484107232863
AMZN251226C00315000,2025-11-25 17:08:08+00:00,315.0,0.03,0.03,0.04,0.0,0.0,1.0,182,0.4142689126911071,False,REGULAR,USD,call,2025-12-26,29,0.07945205479452055,0.035,229.57000732421875,0.03752999782562256,0.7287936740451388
AMZN251226C00320000,2025-11-26 14:54:59+00:00,320.0,0.02,0.01,0.04,-0.02,-50.0,8.0,371,0.4183707079540791,False,REGULAR,USD,call,2025-12-26,29,0.07945205479452055,0.025,229.57000732421875,0.03752999782562256,0.7174062728881836
AMZN251226C00325000,2025-11-19 20:09:33+00:00,325.0,0.04,0.0,0.03,0.0,0.0,10.0,22,0.41573578802777006,False,REGULAR,USD,call,2025-12-26,29,0.07945205479452055,0.015,229.57000732421875,0.03752999782562256,0.7063692533052884
AMZN251226C00330000,2025-11-24 17:16:38+00:00,330.0,0.04,0.0,0.03,0.0,0.0,1.0,9,0.43219700583574305,False,REGULAR,USD,call,2025-12-26,29,0.07945205479452055,0.015,229.57000732421875,0.03752999782562256,0.6956666888612689
AMZN251226C00335000,2025-11-21 14:39:37+00:00,335.0,0.03,0.0,0.02,0.0,0.0,1.0,57,0.43308690031801894,False,REGULAR,USD,call,2025-12-26,29,0.07945205479452055,0.01,229.57000732421875,0.03752999782562256,0.6852836039528918
AMZN251226C00340000,2025-11-26 16:29:04+00:00,340.0,0.01,0.0,0.02,0.0,0.0,1.0,119,0.4484873105191259,False,REGULAR,USD,call,2025-12-26,29,0.07945205479452055,0.01,229.57000732421875,0.03752999782562256,0.675205903894761
AMZN251226C00345000,2025-11-17 14:30:01+00:00,345.0,0.08,0.0,0.02,0.0,0.0,1.0,251,0.4636072220310194,False,REGULAR,USD,call,2025-12-26,29,0.07945205479452055,0.01,229.57000732421875,0.03752999782562256,0.665420311084692
AMZN251226P00155000,2025-11-26 14:30:01+00:00,155.0,0.09,0.08,0.1,-0.049999997,-35.714283,1.0,36,0.5897561686715593,False,REGULAR,USD,put,2025-12-26,29,0.07945205479452055,0.09,229.57000732421875,0.03752999782562256,1.4810968214465725
AMZN251226P00160000,2025-11-25 15:54:45+00:00,160.0,0.12,0.1,0.12,-0.030000009,-20.000006,5.0,159,0.5610815085511007,False,REGULAR,USD,put,2025-12-26,29,0.07945205479452055,0.11,229.57000732421875,0.03752999782562256,1.4348125457763672
AMZN251226P00165000,2025-11-26 16:34:06+00:00,165.0,0.13,0.12,0.15,-0.040000007,-23.529415,80.0,181,0.5328971394519362,False,REGULAR,USD,put,2025-12-26,29,0.07945205479452055,0.135,229.57000732421875,0.03752999782562256,1.3913333777225378
AMZN251226P00170000,2025-11-26 19:08:08+00:00,170.0,0.16,0.16,0.18,-0.060000002,-27.272728,12.0,81,0.5066768840683152,False,REGULAR,USD,put,2025-12-26,29,0.07945205479452055,0.16999999999999998,229.57000732421875,0.03752999782562256,1.350411807789522
AMZN251226P00175000,2025-11-26 19:08:08+00:00,175.0,0.22,0.2,0.23,-0.050000012,-18.518522,1.0,111,0.48077515640472307,False,REGULAR,USD,put,2025-12-26,29,0.07945205479452055,0.21500000000000002,229.57000732421875,0.03752999782562256,1.31182861328125
AMZN251226P00180000,2025-11-26 19:41:48+00:00,180.0,0.26,0.26,0.28,-0.08000001,-23.529415,118.0,530,0.45422726222376664,False,REGULAR,USD,put,2025-12-26,29,0.07945205479452055,0.27,229.57000732421875,0.03752999782562256,1.275388929578993
AMZN251226P00195000,2025-11-26 20:10:45+00:00,195.0,0.63,0.62,0.64,-0.110000014,-15.27778,33.0,492,0.3857384793362618,False,REGULAR,USD,put,2025-12-26,29,0.07945205479452055,0.63,229.57000732421875,0.03752999782562256,1.1772820888421474
AMZN251226P00200000,2025-11-26 20:14:54+00:00,200.0,0.87,0.86,0.89,-0.14999998,-14.705881,555.0,1080,0.3663119735120936,False,REGULAR,USD,put,2025-12-26,29,0.07945205479452055,0.875,229.57000732421875,0.03752999782562256,1.1478500366210938
AMZN251226P00205000,2025-11-26 20:11:46+00:00,205.0,1.26,1.24,1.26,-0.13999999,-9.999999,188.0,581,0.34967560139898235,False,REGULAR,USD,put,2025-12-26,29,0.07945205479452055,1.25,229.57000732421875,0.03752999782562256,1.1198536942644817
AMZN251226P00210000,2025-11-26 20:13:23+00:00,210.0,1.82,1.81,1.85,-0.20999992,-10.344824,544.0,4687,0.3365208332144074,False,REGULAR,USD,put,2025-12-26,29,0.07945205479452055,1.83,229.57000732421875,0.03752999782562256,1.0931905110677083
AMZN251226P00215000,2025-11-26 20:16:19+00:00,215.0,2.68,2.66,2.71,-0.22000003,-7.586208,634.0,847,0.3257042905803789,False,REGULAR,USD,put,2025-12-26,29,0.07945205479452055,2.685,229.57000732421875,0.03752999782562256,1.067767475926599
AMZN251226P00220000,2025-11-26 20:18:06+00:00,220.0,3.9,3.85,3.95,-0.17999983,-4.433493,271.0,1179,0.3168630940661684,False,REGULAR,USD,put,2025-12-26,29,0.07945205479452055,3.9000000000000004,229.57000732421875,0.03752999782562256,1.0435000332919033
AMZN251226P00225000,2025-11-26 20:18:06+00:00,225.0,5.55,5.5,5.6,-0.14999962,-2.6315722,647.0,997,0.30946085063040424,False,REGULAR,USD,put,2025-12-26,29,0.07945205479452055,5.55,229.57000732421875,0.03752999782562256,1.0203111436631944
AMZN251226P00230000,2025-11-26 19:54:50+00:00,230.0,7.65,7.6,7.75,-0.23000002,-2.918782,607.0,534,0.30247288089585145,True,REGULAR,USD,put,2025-12-26,29,0.07945205479452055,7.675,229.57000732421875,0.03752999782562256,0.9981304666270381
AMZN251226P00235000,2025-11-26 19:56:15+00:00,235.0,10.45,10.25,10.4,0.010000229,0.09578764,48.0,753,0.2965025444763243,True,REGULAR,USD,put,2025-12-26,29,0.07945205479452055,10.325,229.57000732421875,0.03752999782562256,0.9768936481881649
AMZN251226P00240000,2025-11-26 19:58:32+00:00,240.0,13.8,13.55,13.75,-0.029999733,-0.21691781,38.0,470,0.29810132289955155,True,REGULAR,USD,put,2025-12-26,29,0.07945205479452055,13.65,229.57000732421875,0.03752999782562256,0.9565416971842448
AMZN251226P00245000,2025-11-26 15:33:00+00:00,245.0,16.55,17.3,17.45,-2.33,-12.341103,16.0,242,0.29881219342036225,True,REGULAR,USD,put,2025-12-26,29,0.07945205479452055,17.375,229.57000732421875,0.03752999782562256,0.9370204380580357
AMZN251226P00250000,2025-11-26 16:06:39+00:00,250.0,20.17,21.35,21.65,-0.7099991,-3.400379,5.0,140,0.3024571660632876,True,REGULAR,USD,put,2025-12-26,29,0.07945205479452055,21.5,229.57000732421875,0.03752999782562256,0.918280029296875
AMZN251226P00255000,2025-11-26 17:16:15+00:00,255.0,24.69,25.85,26.1,-3.0100002,-10.866426,2.0,432,0.3129866449984766,True,REGULAR,USD,put,2025-12-26,29,0.07945205479452055,25.975,229.57000732421875,0.03752999782562256,0.9002745385263481
AMZN251226P00260000,2025-11-25 15:11:51+00:00,260.0,33.24,30.45,31.45,0.0,0.0,10.0,66,0.3523144790037324,True,REGULAR,USD,put,2025-12-26,29,0.07945205479452055,30.95,229.57000732421875,0.03752999782562256,0.8829615666316106
AMZN260102C00150000,2025-11-26 19:48:27+00:00,150.0,80.42,80.3,80.55,3.5699997,4.645413,4.0,11,0.671754275220289,True,REGULAR,USD,call,2026-01-02,36,0.09863013698630137,80.425,229.57000732421875,0.03752999782562256,1.5304667154947917
AMZN260102C00155000,2025-11-21 19:16:54+00:00,155.0,67.5,75.35,75.6,0.0,0.0,12.0,6,0.636377298732299,True,REGULAR,USD,call,2026-01-02,36,0.09863013698630137,75.475,229.57000732421875,0.03752999782562256,1.4810968214465725
AMZN260102C00190000,2025-11-21 19:42:18+00:00,190.0,34.26,41.0,41.3,0.0,0.0,1.0,7,0.4201942141088516,True,REGULAR,USD,call,2026-01-02,36,0.09863013698630137,41.15,229.57000732421875,0.03752999782562256,1.2082631964432566
AMZN260102C00195000,2025-11-26 18:09:13+00:00,195.0,37.0,35.25,37.65,0.29999924,0.8174366,5.0,61,0.4022779986981199,True,REGULAR,USD,call,2026-01-02,36,0.09863013698630137,36.45,229.57000732421875,0.03752999782562256,1.1772820888421474
AMZN260102C00200000,2025-11-26 20:01:30+00:00,200.0,31.45,31.1,32.1,-0.84000015,-2.601425,10.0,201,0.3660749966440969,True,REGULAR,USD,call,2026-01-02,36,0.09863013698630137,31.6,229.57000732421875,0.03752999782562256,1.1478500366210938
AMZN260102C00205000,2025-11-26 20:09:02+00:00,205.0,26.95,27.0,27.3,-0.59000015,-2.142339,1.0,36,0.35449736120155484,True,REGULAR,USD,call,2026-01-02,36,0.09863013698630137,27.15,229.57000732421875,0.03752999782562256,1.1198536942644817
AMZN260102C00210000,2025-11-26 18:14:39+00:00,210.0,23.4,22.7,23.0,0.14999962,0.64515966,21.0,142,0.3410589847497842,True,REGULAR,USD,call,2026-01-02,36,0.09863013698630137,22.85,229.57000732421875,0.03752999782562256,1.0931905110677083
AMZN260102C00215000,2025-11-26 20:02:34+00:00,215.0,18.66,18.75,18.95,-0.3899994,-2.047241,28.0,210,0.331134411132093,True,REGULAR,USD,call,2026-01-02,36,0.09863013698630137,18.85,229.57000732421875,0.03752999782562256,1.067767475926599
AMZN260102C00220000,2025-11-26 20:01:10+00:00,220.0,14.96,15.05,15.25,-0.78999996,-5.015873,859.0,471,0.3212021640946806,True,REGULAR,USD,call,2026-01-02,36,0.09863013698630137,15.15,229.57000732421875,0.03752999782562256,1.0435000332919033
AMZN260102C00225000,2025-11-26 19:44:34+00:00,225.0,11.8,11.8,11.95,-0.5999994,-4.838705,77.0,516,0.3137877129950917,True,REGULAR,USD,call,2026-01-02,36,0.09863013698630137,11.875,229.57000732421875,0.03752999782562256,1.0203111436631944
AMZN260102C00230000,2025-11-26 20:09:29+00:00,230.0,8.93,8.95,9.1,-0.6399994,-6.687559,607.0,1302,0.3068203867862655,False,REGULAR,USD,call,2026-01-02,36,0.09863013698630137,9.024999999999999,229.57000732421875,0.03752999782562256,0.9981304666270381
AMZN260102C00235000,2025-11-26 20:15:31+00:00,235.0,6.7,6.65,6.75,-0.10000038,-1.4705938,203.0,1441,0.30283183962747473,False,REGULAR,USD,call,2026-01-02,36,0.09863013698630137,6.7,229.57000732421875,0.03752999782562256,0.9768936481881649
AMZN260102C00240000,2025-11-26 20:09:34+00:00,240.0,4.75,4.7,4.85,-0.3499999,-6.862744,604.0,1247,0.29746308719166964,False,REGULAR,USD,call,2026-01-02,36,0.09863013698630137,4.775,229.57000732421875,0.03752999782562256,0.9565416971842448
AMZN260102C00245000,2025-11-26 20:11:14+00:00,245.0,3.32,3.35,3.4,-0.25,-7.0028014,209.0,559,0.2965886051881736,False,REGULAR,USD,call,2026-01-02,36,0.09863013698630137,3.375,229.57000732421875,0.03752999782562256,0.9370204380580357
AMZN260102C00250000,2025-11-26 20:04:19+00:00,250.0,2.26,2.27,2.3,-0.16000009,-6.611573,939.0,4777,0.2940071026512932,False,REGULAR,USD,call,2026-01-02,36,0.09863013698630137,2.285,229.57000732421875,0.03752999782562256,0.918280029296875
AMZN260102C00255000,2025-11-26 20:14:14+00:00,255.0,1.57,1.55,1.6,-0.13,-7.6470585,223.0,458,0.29634716483702284,False,REGULAR,USD,call,2026-01-02,36,0.09863013698630137,1.5750000000000002,229.57000732421875,0.03752999782562256,0.9002745385263481
AMZN260102C00260000,2025-11-26 20:01:19+00:00,260.0,1.07,1.05,1.12,-0.07999992,-6.9565153,197.0,466,0.2999104742949416,False,REGULAR,USD,call,2026-01-02,36,0.09863013698630137,1.085,229.57000732421875,0.03752999782562256,0.8829615666316106
AMZN260102C00265000,2025-11-26 20:13:18+00:00,265.0,0.76,0.73,0.8,-0.07999998,-9.523808,514.0,200,0.3057980691755857,False,REGULAR,USD,call,2026-01-02,36,0.09863013698630137,0.765,229.57000732421875,0.03752999782562256,0.8663019144310141
AMZN260102C00270000,2025-11-26 19:25:46+00:00,270.0,0.55,0.52,0.58,-0.06999999,-11.290321,18.0,405,0.3129212055388247,False,REGULAR,USD,call,2026-01-02,36,0.09863013698630137,0.55,229.57000732421875,0.03752999782562256,0.8502592863859953
AMZN260102C00275000,2025-11-26 19:26:40+00:00,275.0,0.4,0.37,0.43,-0.049999982,-11.111107,147.0,50,0.3203865399279972,False,REGULAR,USD,call,2026-01-02,36,0.09863013698630137,0.4,229.57000732421875,0.03752999782562256,0.8348000266335227
AMZN260102C00280000,2025-11-26 18:43:18+00:00,280.0,0.34,0.28,0.32,0.00999999,3.0303,10.0,70,0.32912431017887567,False,REGULAR,USD,call,2026-01-02,36,0.09863013698630137,0.30000000000000004,229.57000732421875,0.03752999782562256,0.8198928833007812
AMZN260102C00285000,2025-11-26 18:29:33+00:00,285.0,0.25,0.19,0.25,0.0,0.0,17.0,48,0.3360603715919607,False,REGULAR,USD,call,2026-01-02,36,0.09863013698630137,0.22,229.57000732421875,0.03752999782562256,0.8055087976288378
AMZN260102C00290000,2025-11-26 19:47:24+00:00,290.0,0.16,0.14,0.17,-0.030000001,-15.789474,2.0,84,0.3406305001924569,False,REGULAR,USD,call,2026-01-02,36,0.09863013698630137,0.15500000000000003,229.57000732421875,0.03752999782562256,0.7916207149110991
AMZN260102C00320000,2025-11-25 14:30:09+00:00,320.0,0.05,0.01,0.06,0.0,0.0,5.0,25,0.3874940580971521,False,REGULAR,USD,call,2026-01-02,36,0.09863013698630137,0.034999999999999996,229.57000732421875,0.03752999782562256,0.7174062728881836
AMZN260102P00150000,2025-11-26 19:51:06+00:00,150.0,0.11,0.07,0.12,-0.030000001,-21.428572,3.0,8,0.5734385481624193,False,REGULAR,USD,put,2026-01-02,36,0.09863013698630137,0.095,229.57000732421875,0.03752999782562256,1.5304667154947917
AMZN260102P00155000,2025-11-25 15:54:41+00:00,155.0,0.16,0.09,0.15,0.0,0.0,2.0,6,0.5498030695832803,False,REGULAR,USD,put,2026-01-02,36,0.09863013698630137,0.12,229.57000732421875,0.03752999782562256,1.4810968214465725
AMZN260102P00160000,2025-11-26 19:59:36+00:00,160.0,0.15,0.12,0.16,-0.099999994,-39.999996,5.0,335,0.5208139440927702,False,REGULAR,USD,put,2026-01-02,36,0.09863013698630137,0.14,229.57000732421875,0.03752999782562256,1.4348125457763672
AMZN260102P00165000,2025-11-26 19:32:03+00:00,165.0,0.18,0.16,0.21,-0.120000005,-40.0,3.0,18,0.5008916423898269,False,REGULAR,USD,put,2026-01-02,36,0.09863013698630137,0.185,229.57000732421875,0.03752999782562256,1.3913333777225378
AMZN260102P00190000,2025-11-26 20:18:20+00:00,190.0,0.63,0.61,0.66,-0.13,-17.105263,41.0,156,0.39083109413953865,False,REGULAR,USD,put,2026-01-02,36,0.09863013698630137,0.635,229.57000732421875,0.03752999782562256,1.2082631964432566
AMZN260102P00195000,2025-11-26 20:06:34+00:00,195.0,0.86,0.83,0.88,-0.120000005,-12.244898,46.0,299,0.37273058602554865,False,REGULAR,USD,put,2026-01-02,36,0.09863013698630137,0.855,229.57000732421875,0.03752999782562256,1.1772820888421474
AMZN260102P00200000,2025-11-26 20:16:47+00:00,200.0,1.16,1.13,1.2,-0.16000009,-12.030081,110.0,394,0.35579520638371975,False,REGULAR,USD,put,2026-01-02,36,0.09863013698630137,1.165,229.57000732421875,0.03752999782562256,1.1478500366210938
AMZN260102P00205000,2025-11-26 20:16:11+00:00,205.0,1.63,1.6,1.69,-0.14999998,-8.426966,117.0,990,0.3429082203983633,False,REGULAR,USD,put,2026-01-02,36,0.09863013698630137,1.645,229.57000732421875,0.03752999782562256,1.1198536942644817
AMZN260102P00210000,2025-11-26 20:16:11+00:00,210.0,2.28,2.26,2.3,-0.25,-9.881423,120.0,1115,0.3289996715340384,False,REGULAR,USD,put,2026-01-02,36,0.09863013698630137,2.28,229.57000732421875,0.03752999782562256,1.0931905110677083
AMZN260102P00215000,2025-11-26 20:18:13+00:00,215.0,3.25,3.2,3.3,-0.29999995,-8.379888,81.0,376,0.3204548752787824,False,REGULAR,USD,put,2026-01-02,36,0.09863013698630137,3.25,229.57000732421875,0.03752999782562256,1.067767475926599
AMZN260102P00220000,2025-11-26 20:09:53+00:00,220.0,4.58,4.5,4.65,-0.17000008,-3.578949,114.0,385,0.31357755626188477,False,REGULAR,USD,put,2026-01-02,36,0.09863013698630137,4.575,229.57000732421875,0.03752999782562256,1.0435000332919033
AMZN260102P00225000,2025-11-26 20:13:40+00:00,225.0,6.23,6.15,6.35,-0.17000008,-2.6562512,295.0,874,0.30566908311362656,False,REGULAR,USD,put,2026-01-02,36,0.09863013698630137,6.25,229.57000732421875,0.03752999782562256,1.0203111436631944
AMZN260102P00230000,2025-11-26 20:17:43+00:00,230.0,8.4,8.4,8.5,-0.05000019,-0.59171826,167.0,259,0.30141238390819836,True,REGULAR,USD,put,2026-01-02,36,0.09863013698630137,8.45,229.57000732421875,0.03752999782562256,0.9981304666270381
AMZN260102P00235000,2025-11-26 20:07:19+00:00,235.0,11.33,11.05,11.2,0.14999962,1.3416781,41.0,117,0.2980159095143838,True,REGULAR,USD,put,2026-01-02,36,0.09863013698630137,11.125,229.57000732421875,0.03752999782562256,0.9768936481881649
AMZN260102P00240000,2025-11-26 19:06:01+00:00,240.0,14.03,14.15,14.35,-0.19999981,-1.40548,8.0,55,0.29490123156771975,True,REGULAR,USD,put,2026-01-02,36,0.09863013698630137,14.25,229.57000732421875,0.03752999782562256,0.9565416971842448
AMZN260102P00245000,2025-11-25 17:40:18+00:00,245.0,17.79,17.75,18.05,0.0,0.0,7.0,40,0.29659783756557206,True,REGULAR,USD,put,2026-01-02,36,0.09863013698630137,17.9,229.57000732421875,0.03752999782562256,0.9370204380580357
AMZN260102P00250000,2025-11-26 18:24:28+00:00,250.0,21.19,21.75,22.15,-0.6499996,-2.9761887,9.0,77,0.30176114646988983,True,REGULAR,USD,put,2026-01-02,36,0.09863013698630137,21.95,229.57000732421875,0.03752999782562256,0.918280029296875
AMZN260102P00255000,2025-11-25 18:32:39+00:00,255.0,26.14,26.1,26.45,0.0,0.0,25.0,77,0.3087486923883709,True,REGULAR,USD,put,2026-01-02,36,0.09863013698630137,26.275,229.57000732421875,0.03752999782562256,0.9002745385263481
AMZN260102P00260000,2025-11-26 18:11:00+00:00,260.0,30.55,30.65,31.05,-4.8899994,-13.797967,1.0,15,0.3207943777991659,True,REGULAR,USD,put,2026-01-02,36,0.09863013698630137,30.85,229.57000732421875,0.03752999782562256,0.8829615666316106
AMZN260102P00270000,2025-11-21 18:14:57+00:00,270.0,51.8,39.35,41.65,0.0,0.0,24.0,10,0.36366907232417683,True,REGULAR,USD,put,2026-01-02,36,0.09863013698630137,40.5,229.57000732421875,0.03752999782562256,0.8502592863859953
